followers_count,media_count,avg_likes,avg_comments,engagement_rate,posting_frequency,spend,revenue,roi,follower_bucket_encoded,category_encoded,log_followers,likes_to_comments_ratio
3800000,3100,63688,3991,0.01859,2.73,69989.26,169952.2357142857,1.4436714285714287,3,1,15.150511887854474,15.953907815631263
2600000,4200,25875,1992,0.01054,4.75,69989.26,169952.2357142857,1.4436714285714287,3,1,14.77102238760702,12.982940291018565
8200000,5400,70734,5447,0.00945,1.65,69989.26,169952.2357142857,1.4436714285714287,3,1,15.919644834185693,12.983480176211454
45000,410,1970,136,0.04648,3.97,3090.6734285714283,11564.707714285714,2.7266,1,1,10.714439990727769,14.379562043795621
8500,180,654,64,0.08547,5.34,654.2431578947369,2813.5515789473684,3.305636842105263,0,1,9.04793908261736,10.061538461538461
28900000,16500,347417,32655,0.01317,2.06,60141.3875,141999.675,1.3159875,3,0,17.179352187684735,10.638688143067125
7300000,6800,72540,5815,0.01045,5.94,60141.3875,141999.675,1.3159875,3,0,15.803385043104912,12.472489683631363
185000,890,4564,479,0.02719,1.93,13346.111599999998,42258.112,2.1346000000000003,2,0,12.128116509451258,9.508333333333333
32000,340,1495,146,0.04988,4.68,2879.587073170732,10303.61487804878,2.576739024390244,1,0,10.373522431293592,10.170068027210885
7800,195,355,32,0.04848,6.92,634.0085,2517.7485,2.973435,0,0,8.962007209588313,10.757575757575758
4900000,1980,99466,7243,0.022,6.09,56255.32461538461,154648.17076923075,1.8215461538461537,3,4,15.404745967162468,13.730811706239647
1700000,4500,22576,1385,0.01455,6.65,56255.32461538461,154648.17076923075,1.8215461538461537,3,4,14.346139397261565,16.28860028860029
540000,1420,9841,755,0.01943,2.85,12639.8304,43658.065599999994,2.4384799999999998,2,4,13.199326270390594,13.017195767195767
78000,510,2722,222,0.03638,4.56,2893.31,11590.33,3.018620588235294,1,4,11.264476926102367,12.20627802690583
9200,220,532,24,0.06121,6.02,569.94,2630.3379999999997,3.613032,0,4,9.127067452782361,21.28
17500000,4800,237568,24910,0.01502,4.62,61145.22153846154,142930.5376923077,1.3495692307692306,3,2,16.677711496036597,9.536670547147846
10200000,7200,131454,8919,0.01372,6.53,61145.22153846154,142930.5376923077,1.3495692307692306,3,2,16.13789837629371,14.736995515695067
2200000,4900,22268,2076,0.01114,4.46,61145.22153846154,142930.5376923077,1.3495692307692306,3,2,14.603968372873895,10.721232546942705
64000,620,2596,174,0.04254,2.71,2954.3653658536587,10636.508292682927,2.5511024390243904,1,2,11.06665398721974,14.834285714285715
8900,140,567,26,0.07048,2.1,518.4254285714286,2030.4831428571429,2.89784,0,2,9.093918908958932,21.0
2400000,1850,25740,2073,0.0114,3.62,56314.56166666667,128081.69833333332,1.4321166666666667,3,5,14.690979711984754,12.410800385728061
3300000,2200,73615,7763,0.02394,6.23,56314.56166666667,128081.69833333332,1.4321166666666667,3,5,15.009433329466965,9.48158165893869
115000,1950,3296,338,0.03161,5.63,11719.211333333335,31396.314333333336,1.7022033333333333,2,5,11.652696102959753,9.722713864306785
42000,390,1356,73,0.03521,1.52,3040.44,10361.29054054054,2.406564864864865,1,5,10.645448706505872,18.324324324324323
6700,160,544,41,0.08879,2.48,598.9240740740742,2111.205925925926,2.5226518518518515,0,5,8.81001204797317,12.952380952380953
140000,890,4550,388,0.03541,4.85,12300.108076923078,34817.68961538461,1.8536115384615384,2,3,11.849404844423074,11.696658097686376
28000,430,922,98,0.03622,6.57,2963.733265306122,9849.640612244899,2.357538775510204,1,3,10.239995502805316,9.313131313131313
8400,210,585,29,0.07495,3.5,563.4180952380952,2111.4895238095237,2.732214285714286,0,3,9.036106025364846,19.5
156383,1363,4524,393,0.03144618656677659,4.0,19495.15,67863.58,2.481,2,0,11.960069800069881,11.48223350253807
39011,362,1228,106,0.03422859380084715,4.89,4693.42,10617.78,1.2623,1,3,10.571624570091906,11.476635514018692
44819,454,1393,121,0.03378467924347371,5.07,3601.78,11427.88,2.1728,1,3,10.710409747354918,11.418032786885245
47838,371,1570,136,0.03569344396179766,3.72,1030.86,3355.26,2.2548,1,5,10.77559648539601,11.459854014598541
40945,424,1456,126,0.03865436513068537,3.91,2756.93,12511.17,3.5381,1,4,10.620009404412524,11.464566929133857
8733,160,547,47,0.06818073943547152,4.18,530.37,1967.26,2.7092,0,2,9.074978734045507,11.395833333333334
42926,467,1417,123,0.03590473823319067,4.29,2244.83,8036.85,2.5802,1,3,10.667256277574845,11.42741935483871
167005,945,4662,405,0.030348545593770686,3.34,16529.66,56808.79,2.4368,2,0,12.025785018897205,11.482758620689655
37823,495,1564,136,0.04497215200753663,4.79,3034.6,11455.94,2.7751,1,1,10.54069910076577,11.416058394160585
152974,969,4366,379,0.03102493529383722,3.76,15833.91,46162.34,1.9154,2,2,11.938029788330741,11.489473684210527
38567,419,1204,104,0.033948091312961955,4.96,2938.83,10405.45,2.5407,1,4,10.560178196085458,11.466666666666667
7838,199,494,43,0.06860757126935245,4.46,247.37,838.97,2.3916,0,5,8.966866554188723,11.227272727272727
44109,367,1826,158,0.04501894282347684,4.73,2659.45,8346.19,2.1383,1,5,10.694441793098985,11.484276729559749
183925,1337,5120,445,0.030263477813113764,4.5,9887.3,35296.0,2.5698,2,4,12.122288781784462,11.47982062780269
7406,164,427,37,0.06279436069393893,4.11,347.26,1236.59,2.561,0,5,8.91018077801329,11.236842105263158
42047,381,1676,145,0.04335159463334054,4.02,4893.32,17900.1,2.6581,1,2,10.646567101844282,11.479452054794521
40641,427,1316,114,0.03520926097525124,4.78,4522.01,14986.75,2.3142,1,3,10.612557293639888,11.443478260869565
37947,501,1490,129,0.042682833578933835,3.75,4317.61,17301.39,3.0072,1,3,10.543972080512768,11.461538461538462
37047,472,1428,124,0.04190877723646809,4.66,2001.62,7208.34,2.6013,1,1,10.519969648160588,11.424
175724,958,4551,395,0.02815166772576048,3.26,13406.18,30095.59,1.2449,2,3,12.076675552044106,11.492424242424242
180201,1211,4626,402,0.027908520579200364,3.18,15325.31,52306.47,2.4131,2,1,12.101833722873918,11.478908188585608
153285,1074,4431,385,0.03142512649294172,4.06,5587.66,14942.55,1.6742,2,0,11.940060736488684,11.479274611398964
9431,185,558,48,0.06441663867802108,4.8,786.42,3146.69,3.0013,0,3,9.151863442217207,11.387755102040817
9111,192,659,57,0.07862601354711876,4.41,338.98,1441.43,3.2523,0,4,9.117347505127018,11.362068965517242
163608,1121,3795,330,0.025214196697882916,3.25,18398.21,76240.78,3.1439,2,4,12.005234713862606,11.465256797583082
37385,442,1281,111,0.037262346103981554,4.28,2327.31,11151.35,3.7915,1,4,10.529051581772277,11.4375
9483,168,617,53,0.07076004827456074,4.87,570.98,1692.04,1.9634,0,5,9.157361447185297,11.425925925925926
3996081,3863,46311,4027,0.01259696248532768,4.05,89990.98,220779.0,1.4533,3,4,15.200824939060558,11.497269116186693
183447,1297,5160,448,0.030576621132421933,4.42,9481.55,33920.7,2.5775,2,4,12.119686527570824,11.492204899777283
47462,367,1925,167,0.04410711342412435,4.33,4149.79,16504.14,2.9771,1,0,10.767705739117174,11.458333333333334
47512,486,1630,141,0.03730552513671692,3.6,3634.07,14727.58,3.0526,1,3,10.768758636788567,11.47887323943662
7760,182,568,49,0.07965233311121622,5.06,968.78,3093.5,2.1932,0,5,8.95686647085414,11.36
3706572,4669,44712,3888,0.013111877281200597,4.16,67469.04,198342.48,1.9398,3,1,15.125618288015142,11.497042941630239
143968,1079,4411,383,0.03330646358850842,3.58,5245.11,13131.17,1.5035,2,2,11.877353277604772,11.486979166666666
8497,202,545,47,0.0697401479611031,5.25,391.11,1678.65,3.292,0,0,9.047586120674756,11.354166666666666
185044,1040,5000,434,0.029375731821970834,3.54,12434.12,28059.86,1.2567,2,2,12.128354317724863,11.494252873563218
40692,342,1525,132,0.04075702258565402,4.27,2125.17,7819.78,2.6796,1,0,10.61381136646669,11.466165413533835
140634,1052,4269,371,0.03300090511422588,3.45,15189.74,51420.09,2.3852,2,0,11.853923160523658,11.475806451612904
38865,418,1616,140,0.04520913007576129,3.82,3763.2,15772.32,3.1912,1,1,10.567875111424648,11.460992907801419
45746,463,1530,133,0.03635415324578203,4.65,4083.15,14692.86,2.5984,1,4,10.730881494783121,11.417910447761194
41774,442,1577,137,0.04104072471598747,4.33,3769.14,15317.89,3.064,1,2,10.640053353463594,11.427536231884059
7411,212,469,40,0.06880540672732594,3.87,512.28,1582.3,2.0887,0,2,8.91085558740525,11.439024390243903
140112,1196,3991,347,0.03096611767144893,3.11,11153.44,23840.73,1.1375,2,2,11.850204518883961,11.468390804597702
163089,1028,4603,400,0.030680424011411345,3.35,15468.52,53739.11,2.4741,2,1,12.002057474650963,11.478802992518704
8934,179,675,58,0.08224204633929749,3.78,574.98,2506.63,3.3595,0,1,9.097731427593528,11.440677966101696
4142591,3931,57769,5023,0.01515800170932658,5.39,29815.45,87021.92,1.9187,3,5,15.236832236847347,11.49860668789809
7836,199,574,49,0.07963504368628942,4.52,716.05,2732.31,2.8158,0,2,8.966611387052865,11.48
43886,376,1398,121,0.03464315056528624,4.94,3594.22,10493.4,1.9195,1,5,10.689373427646196,11.459016393442623
4872545,4897,57359,4987,0.012795726662194933,4.4,71693.44,121319.5,0.6922,3,2,15.39912715105813,11.499398556535686
46448,486,1882,163,0.04404232909045046,4.74,3774.59,13470.4,2.5687,1,5,10.746110215484947,11.475609756097562
169424,962,4117,358,0.026415565258314493,4.46,13131.4,54019.69,3.1138,2,4,12.040165630004314,11.467966573816156
167688,928,3993,347,0.0258849790080784,4.1,15397.54,52466.72,2.4075,2,4,12.029866352338557,11.474137931034482
37041,363,1364,118,0.04003691059852165,4.59,1969.08,5597.56,1.8427,1,0,10.519807682982748,11.46218487394958
169908,1027,4888,425,0.03127142073228526,3.45,10419.63,29654.59,1.846,2,3,12.043018278593708,11.474178403755868
41221,461,1563,135,0.04123135425892093,4.86,2033.22,7529.23,2.7031,1,4,10.626727373403243,11.492647058823529
45556,431,1452,126,0.03464992190154896,4.04,3350.23,14471.84,3.3197,1,0,10.726719568158678,11.433070866141732
7854,168,599,52,0.08303348874664722,4.23,197.89,919.11,3.6446,0,4,8.96890555068972,11.30188679245283
181612,1215,5346,464,0.03200023569723733,3.85,13369.13,38001.89,1.8425,2,3,12.109633328490265,11.496774193548386
166249,1151,4085,355,0.02671204315237875,4.19,10955.7,34506.5,2.1496,2,4,12.021247958518101,11.474719101123595
40639,340,1539,133,0.04118210103894905,3.71,2725.45,9599.45,2.5222,1,1,10.612508082252363,11.485074626865671
183972,1364,5595,486,0.033059103921744354,3.65,19729.82,77961.06,2.9514,2,2,12.122544286693449,11.48870636550308
138878,1352,3675,319,0.028766584188158712,4.57,7295.24,23505.47,2.222,2,3,11.841358329407424,11.484375
49550,479,1687,146,0.037026685984319754,4.07,1842.61,6467.38,2.5099,1,3,10.8107577211892,11.476190476190476
48082,389,1572,136,0.03554745513526997,4.36,2985.55,9752.25,2.2665,1,3,10.780683963269196,11.474452554744525
49191,452,1823,158,0.0402893841315179,3.58,4198.52,14208.66,2.3842,1,1,10.803486287633305,11.465408805031446
8741,224,521,45,0.06486361275037715,4.45,235.48,879.49,2.7349,0,5,9.07589427542326,11.326086956521738
4842471,5097,63438,5516,0.01423966299130441,5.06,73407.13,180066.1,1.453,3,0,15.392935892109245,11.498640565524742
41666,385,1652,143,0.04312221735855465,4.79,2910.83,10833.1,2.7217,1,4,10.637464727584328,11.472222222222221
48290,489,1759,152,0.039594271317715785,4.27,3109.73,12380.36,2.9812,1,1,10.785000486874338,11.49673202614379
177041,1224,5078,441,0.031181347857412937,4.31,17469.39,47621.7,1.726,2,4,12.084142271543183,11.48868778280543
48589,392,1698,147,0.037987150993351655,3.57,3050.25,11601.38,2.8034,1,0,10.79117302739995,11.472972972972974
8648,152,572,49,0.07196453796655054,4.5,712.66,3095.83,3.344,0,3,9.065198986306513,11.44
4071436,4818,43267,3762,0.011551272758129155,3.82,97045.84,214377.2,1.209,3,2,15.219506566356861,11.498006909380813
178226,1090,4281,372,0.026110673721589622,3.88,19297.42,50013.06,1.5917,2,3,12.0908132976931,11.47721179624665
175662,1023,4926,428,0.030483893996723584,3.21,9427.84,21552.11,1.286,2,5,12.076322665772274,11.482517482517483
140644,1169,3850,334,0.029758401772601136,4.06,11287.21,39158.31,2.4693,2,3,11.853994264050423,11.492537313432836
4645049,5535,57737,5020,0.01351074745487287,4.35,37163.42,88689.96,1.3865,3,2,15.351312694434789,11.4991037641904
47352,381,1687,146,0.03873754367831332,3.55,1200.31,4065.79,2.3873,1,2,10.765385454579738,11.476190476190476
7246,222,533,46,0.08004423833891351,4.77,293.16,1175.42,3.0095,0,2,8.888342869109282,11.340425531914894
4231183,4042,46942,4081,0.012059238811613823,4.22,72487.42,155758.64,1.1488,3,1,15.257992417293595,11.499755022048015
164899,1254,4674,406,0.030812940862650386,3.51,11726.5,32140.35,1.7408,2,3,12.01309450854769,11.484029484029485
184674,1264,5076,441,0.02987940274315055,4.02,9174.81,26345.56,1.8715,2,1,12.126352802396939,11.484162895927602
8246,168,527,45,0.06957311599843795,4.88,687.98,2653.71,2.8572,0,3,9.017604776833355,11.456521739130435
138826,977,3243,282,0.025395743302631855,3.14,19170.43,81328.81,3.2424,2,4,11.840983832633082,11.459363957597173
48138,454,1734,150,0.039154269788735756,3.58,2641.65,7830.0,1.9641,1,2,10.781847938375149,11.483443708609272
43390,415,1420,123,0.03559136373599476,4.15,4587.29,23654.16,4.1565,1,2,10.678007325311796,11.451612903225806
4217548,4865,54282,4720,0.01398990024077464,3.83,81273.42,210977.3,1.5959,3,1,15.25476471159203,11.497987714467273
4186369,4884,51831,4507,0.013457650098982782,5.35,73322.05,251382.89,2.4285,3,4,15.247344567952926,11.497559893522627
45570,363,1441,125,0.03437639283172629,4.51,2494.78,6177.78,1.4763,1,0,10.727026828278731,11.436507936507937
3732097,4809,52260,4544,0.015220668678787562,4.83,44681.99,95432.66,1.1358,3,0,15.13248109998295,11.498349834983498
8166,198,539,46,0.07180430767962719,4.5,510.38,1752.79,2.4343,0,0,9.007856923358275,11.46808510638298
184021,1102,5666,492,0.03346770077292692,4.47,12494.08,37339.05,1.9885,2,3,12.122810594661162,11.49290060851927
3953007,3849,43040,3742,0.01183473806855585,3.78,41311.24,105299.58,1.5489,3,0,15.189987366056183,11.498797755810847
38207,450,1208,105,0.03438373122047219,3.96,2510.24,9224.72,2.6748,1,0,10.550800196752274,11.39622641509434
179312,934,5307,461,0.032173612016434414,3.51,17033.72,49580.47,1.9107,2,3,12.096888161147856,11.487012987012987
3851705,5015,49486,4303,0.01396509097248666,5.39,47738.64,114343.12,1.3952,3,0,15.16402672499979,11.49767657992565
173959,1295,4397,382,0.027477544930078923,3.35,15301.89,52869.05,2.4551,2,1,12.066580666711575,11.48041775456919
46770,471,1947,169,0.04526659987100397,4.12,4093.66,15419.45,2.7667,1,0,10.75301863171864,11.452941176470588
4182983,5164,49269,4284,0.012802881079610546,5.49,59063.26,156803.87,1.6548,3,1,15.246535425411043,11.49801633605601
9358,182,673,58,0.07818762690833762,4.87,239.11,832.58,2.482,0,5,9.144093726157257,11.40677966101695
38320,487,1393,121,0.03952217758503773,4.82,1745.94,7310.84,3.1873,1,4,10.553753327777704,11.418032786885245
153727,1337,4019,349,0.028422758806435317,3.1,11208.77,24499.58,1.1858,2,1,11.9429400859996,11.482857142857142
9477,156,599,52,0.0687734173472161,5.22,418.37,1722.09,3.1162,0,1,9.156728602527533,11.30188679245283
9592,193,667,58,0.07559096286487808,4.33,771.86,2494.44,2.2317,0,5,9.168788944817948,11.305084745762711
152419,1075,4335,377,0.030921612782599476,4.24,10238.21,24403.97,1.3836,2,0,11.934395147220108,11.468253968253968
176714,1288,4193,364,0.025794437828889447,3.84,6505.92,20725.21,2.1856,2,2,12.08229354434833,11.487671232876712
140930,1177,3745,325,0.02888429902211318,4.45,11234.62,34508.46,2.0716,2,1,11.856025687881662,11.487730061349692
8072,158,482,41,0.06492704204814159,4.88,609.19,1677.86,1.7542,0,5,8.996280439395015,11.476190476190476
168263,970,3983,346,0.025731822029934275,4.16,13281.89,26525.5,0.9971,2,5,12.033289453554913,11.478386167146974
7366,211,523,45,0.07721407106430539,3.68,435.28,1468.08,2.3727,0,5,8.904765846682814,11.369565217391305
7397,223,476,41,0.06997228027402189,4.19,738.81,2697.26,2.6508,0,0,8.908964972392399,11.333333333333334
177748,1361,5508,479,0.03368652938291772,4.24,7336.04,23231.61,2.1668,2,4,12.088127721770618,11.475
41885,350,1646,143,0.042740865190748996,4.36,2704.93,10171.05,2.7602,1,3,10.642706921198457,11.430555555555555
8257,217,487,42,0.06423346747776754,4.41,478.59,2035.36,3.2528,0,2,9.018937706446035,11.325581395348838
37123,414,1168,101,0.034207518177521594,3.61,1006.16,4046.76,3.022,1,0,10.522018939715283,11.450980392156863
38508,445,1501,130,0.04237267928074408,4.41,3660.38,13919.04,2.8026,1,3,10.558647259190574,11.458015267175572
185030,1097,4682,407,0.02750998060100601,4.42,10957.35,32654.63,1.9802,2,5,12.128278657590153,11.47549019607843
39892,497,1236,107,0.03368488467137805,5.07,1418.54,4740.4,2.3417,1,3,10.593956148890312,11.444444444444445
37538,485,1374,119,0.03978792572936362,5.11,1676.41,6219.45,2.71,1,4,10.533135671533165,11.45
7369,191,562,48,0.08295260016326282,4.46,404.09,1512.72,2.7435,0,3,8.905172985183382,11.46938775510204
168808,1245,4503,391,0.02899905219125176,4.05,16538.32,57164.2,2.4565,2,0,12.036523177258209,11.487244897959183
44600,487,1398,121,0.03407899425048218,3.89,2758.83,8177.08,1.964,1,3,10.70551155928146,11.459016393442623
49377,485,1768,153,0.03893506463947727,4.47,1182.78,4821.96,3.0768,1,5,10.807260259851311,11.480519480519481
40594,367,1457,126,0.03903026171767951,4.01,4992.57,18457.38,2.697,1,5,10.611400185296548,11.472440944881889
44591,349,1849,160,0.04507588573315208,5.09,2941.06,10942.42,2.7206,1,3,10.70530974972173,11.48447204968944
8952,190,564,49,0.06855994018547809,4.97,543.68,1633.48,2.0045,0,3,9.099743950634156,11.28
171505,999,5210,453,0.033024377767235685,4.35,15526.61,48909.78,2.1501,2,4,12.052373530398896,11.475770925110131
49369,457,1853,161,0.04080260908948788,4.13,3461.46,13386.27,2.8672,1,4,10.807098231252908,11.438271604938272
49147,481,1540,133,0.03407629861671707,3.46,4717.13,14863.07,2.1509,1,3,10.802591432987462,11.492537313432836
41887,472,1742,151,0.04522837481883031,3.67,2484.52,7664.81,2.085,1,3,10.642754668709626,11.460526315789474
8688,178,663,57,0.08296594763112666,5.02,297.17,1375.03,3.6271,0,4,9.069813136839207,11.431034482758621
178993,1140,4717,410,0.028648708010618206,3.5,13827.71,30276.71,1.1896,2,5,12.095107564708027,11.476885644768856
7325,214,536,46,0.07954077906366806,5.3,514.07,1584.6,2.0825,0,5,8.89918494333876,11.404255319148936
4998111,4753,66812,5809,0.014529960739130588,5.52,37225.5,72536.19,0.9486,3,0,15.424570799089544,11.49948364888124
4806289,4180,58568,5092,0.01324551976977326,3.99,80058.82,189338.07,1.365,3,2,15.385436034698209,11.499705478107206
49425,437,1648,143,0.03624767353154999,4.56,3964.98,17462.88,3.4043,1,1,10.808231880509911,11.444444444444445
168258,1089,4023,349,0.025991577963200726,4.11,17571.76,48147.0,1.74,2,1,12.033259737903975,11.494285714285715
163490,1280,4448,386,0.02957784207980778,4.39,13849.5,42460.33,2.0658,2,1,12.004513221932806,11.493540051679586
44177,430,1784,155,0.04391882534826949,4.1,941.84,3366.93,2.5748,1,2,10.695982206596772,11.435897435897436
7522,152,541,47,0.07828069166389216,4.63,289.92,1214.81,3.1902,0,2,8.925720273560222,11.270833333333334
46163,371,1493,129,0.03515536552799618,3.44,3097.77,9909.27,2.1988,1,1,10.739955552540295,11.484615384615385
8071,194,522,45,0.07036435772182811,4.31,634.65,2581.34,3.0673,0,3,8.996156562033445,11.347826086956522
4877427,4367,60584,5268,0.013501426604526095,5.22,38939.1,103952.53,1.6696,3,2,15.400128589709762,11.498197001328526
8187,196,607,52,0.08061978312445588,5.21,654.61,2486.0,2.7977,0,5,9.01042494678118,11.452830188679245
7555,219,504,43,0.07254302087538358,3.99,759.22,3172.41,3.1785,0,2,8.9300972286214,11.454545454545455
4296672,5542,53029,4611,0.013415225082120239,4.36,58669.09,198584.09,2.3848,3,4,15.273351560257035,11.498048568950564
8788,168,513,44,0.06346267057102645,3.76,502.64,2297.54,3.5709,0,1,9.081256218564645,11.4
144367,994,3481,302,0.026214455662767797,4.07,15524.14,40618.84,1.6165,2,2,11.880120874234281,11.488448844884488
7643,175,572,49,0.0813707407678947,4.37,712.69,3168.03,3.4452,0,4,8.941676305360163,11.44
45686,364,1505,130,0.035817317404657045,3.48,4574.5,14335.9,2.1339,1,3,10.729569072519801,11.488549618320612
7610,170,459,39,0.0656691452092551,3.69,634.28,2862.29,3.5127,0,3,8.937349848267392,11.475
144005,1136,3551,308,0.026809863396339086,3.64,18803.7,56981.62,2.0303,2,5,11.877610244356774,11.491909385113269
43544,451,1362,118,0.03400637711143893,4.78,1845.31,7773.46,3.2125,1,4,10.68155016512684,11.445378151260504
4516910,3872,62133,5402,0.014951829380334684,5.47,40533.45,126674.43,2.1252,3,4,15.3233389110997,11.499722376457523
141102,1051,4167,362,0.0321006952877748,4.23,19646.49,55736.82,1.837,2,0,11.857245399131537,11.479338842975206
39382,371,1374,119,0.03792664875284438,4.24,1519.57,4694.86,2.0896,1,0,10.581089530093944,11.45
45043,397,1616,140,0.0390164859695842,4.69,4929.85,21354.63,3.3317,1,4,10.715395068816916,11.460992907801419
139913,1040,4026,350,0.03128174334750175,4.46,6127.66,17829.05,1.9096,2,5,11.848783227126384,11.47008547008547
163069,1169,3890,338,0.025935257140016824,3.77,7201.76,24974.35,2.4678,2,4,12.001934835455323,11.474926253687316
4392565,4170,50572,4397,0.012514242572034326,4.46,63355.41,171316.59,1.7041,3,4,15.295424124542345,11.498863119599818
37236,390,1234,107,0.036044121506825094,3.97,3407.0,12962.8,2.8048,1,5,10.525058169606785,11.425925925925926
143963,1335,4003,348,0.030225485440346707,4.13,13888.73,51880.59,2.7354,2,3,11.877318547302929,11.469914040114613
176597,1154,4184,363,0.025756636940931076,3.91,10393.18,32667.88,2.1432,2,5,12.081631242059556,11.494505494505495
44633,461,1587,138,0.038650985708266944,3.63,3668.66,12022.2,2.277,1,0,10.706251179419397,11.417266187050359
151959,1091,4290,373,0.030686990068544723,3.96,9446.11,19817.68,1.098,2,5,11.931372607301562,11.470588235294118
41622,501,1558,135,0.040712162311546826,3.82,1845.45,7552.04,3.0922,1,0,10.636408178080352,11.455882352941176
143086,994,3575,310,0.027159347164351363,3.33,18258.43,53561.53,1.9335,2,2,11.871208115855291,11.495176848874598
7655,171,461,40,0.06558980829455743,5.12,538.09,2137.99,2.9733,0,4,8.94324493313279,11.24390243902439
38022,424,1343,116,0.038399277637903614,5.09,4289.11,12484.97,1.9109,1,1,10.54594651876855,11.478632478632479
38437,402,1591,138,0.04501759098911381,4.89,2584.21,8271.28,2.2007,1,3,10.55680183259435,11.446043165467627
177957,1043,4338,377,0.02649722852078038,4.11,9273.53,35124.81,2.7876,2,2,12.089302846376269,11.476190476190476
183432,1181,5068,440,0.030031623921124517,3.51,7763.71,31679.12,3.0804,2,4,12.119604757187465,11.492063492063492
47016,367,1616,140,0.03737271480055344,4.14,1497.1,5626.14,2.758,1,3,10.75826451742141,11.460992907801419
43599,376,1399,121,0.03490043833126269,4.45,3075.74,11796.3,2.8353,1,4,10.682812429337126,11.467213114754099
4074162,4801,45169,3927,0.012050872012058494,4.65,61591.52,90181.55,0.4642,3,4,15.220175884786878,11.499236252545824
43925,344,1516,131,0.03752572144525963,3.64,1705.18,5911.72,2.4669,1,5,10.690261678874698,11.484848484848484
37802,502,1299,112,0.03735702481681077,4.79,3507.27,11572.35,2.2995,1,3,10.540143743537802,11.495575221238939
150538,1238,4389,381,0.031695209724227034,4.0,12297.88,36248.06,1.9475,2,5,11.921977465813702,11.489528795811518
4312906,4486,50929,4428,0.01283541015310117,5.49,47758.75,147247.11,2.0831,3,4,15.277122712680136,11.498983969293294
47814,498,1540,133,0.03501243053162188,4.66,2238.43,6754.43,2.0175,1,2,10.775094676783644,11.492537313432836
49220,366,1554,135,0.034328182813087915,4.68,4524.34,18130.97,3.0074,1,2,10.804075640682992,11.426470588235293
8638,213,515,44,0.06485681450991419,4.94,930.53,4623.48,3.9687,0,4,9.064042114358884,11.444444444444445
147954,999,3598,312,0.026438824337751354,4.33,9162.21,30188.05,2.2948,2,2,11.904663452458392,11.495207667731629
45655,423,1587,138,0.03778883527105402,4.91,1165.12,4512.09,2.8726,1,3,10.728890312216544,11.417266187050359
42096,473,1500,130,0.03873947904765424,4.06,4655.13,18630.74,3.0022,1,0,10.647731758224072,11.450381679389313
43012,386,1677,145,0.04239119984252646,4.27,4043.19,19657.55,3.8619,1,1,10.669257674565925,11.486301369863014
149445,1339,3901,339,0.02837592057251172,3.92,8146.03,30980.55,2.8031,2,0,11.914690402549617,11.473529411764705
48804,440,1568,136,0.034924839005905615,5.02,3508.95,11745.64,2.3473,1,1,10.795588045609065,11.445255474452555
168725,1078,4069,353,0.026218379680891073,4.3,9757.66,28071.02,1.8768,2,2,12.036031376398014,11.494350282485875
45066,425,1829,159,0.044122900398157236,4.76,3652.69,13034.88,2.5686,1,5,10.715905550345243,11.43125
3895435,4299,44548,3873,0.012430530945441646,5.14,53592.3,103735.72,0.9356,3,3,15.175316169404894,11.499225606608157
37412,431,1465,127,0.04256698592179829,4.91,2262.84,8162.22,2.6071,1,5,10.529773516588858,11.4453125
154801,1303,3697,321,0.025965771919944924,4.38,13973.46,37058.94,1.6521,2,2,11.949902159950943,11.48136645962733
38638,402,1527,132,0.04297938254009836,3.67,3255.94,10390.52,2.1913,1,3,10.562017408074379,11.481203007518797
39966,457,1546,134,0.042064792519632424,4.51,2895.28,10110.91,2.4922,1,0,10.595809392596285,11.451851851851853
8941,190,553,48,0.06730062057052572,4.15,826.25,2971.99,2.597,0,5,9.098514556793926,11.285714285714286
146977,1343,4074,354,0.03013551562983718,3.7,11494.7,29198.01,1.5401,2,1,11.898038194696772,11.476056338028169
160647,1361,3893,338,0.026342559375483826,3.98,15045.78,42805.17,1.845,2,1,11.986970915042296,11.483775811209439
4357684,4857,46109,4009,0.011501297426441359,5.38,56214.85,130766.23,1.3262,3,5,15.287451511011534,11.49850374064838
49139,430,1889,164,0.04178795245305465,4.99,4522.96,12477.36,1.7587,1,2,10.80242864607517,11.44848484848485
8975,161,614,53,0.07437919243285895,4.61,983.09,3554.56,2.6157,0,5,9.102309627762478,11.37037037037037
42509,459,1744,151,0.04460203672083559,4.99,4207.06,15497.42,2.6837,1,4,10.657494621352836,11.473684210526315
160103,976,4960,431,0.033676299374847785,4.37,11759.47,35936.97,2.056,2,3,11.983578883057461,11.481481481481481
7498,219,557,48,0.08078410419020428,4.45,223.73,833.53,2.7256,0,2,8.92252495730139,11.36734693877551
8681,179,503,43,0.0630023477700832,4.13,897.16,3293.37,2.6709,0,1,9.06900719585954,11.431818181818182
47452,336,1636,142,0.037488963194479766,4.09,2191.59,7126.88,2.2519,1,0,10.767495026486278,11.44055944055944
8544,218,545,47,0.06936311469409626,4.15,486.07,1752.06,2.6045,0,3,9.053101595549691,11.354166666666666
174078,1132,4319,375,0.02697101453833064,3.78,8928.65,27983.19,2.1341,2,5,12.067264498147921,11.486702127659575
38813,365,1408,122,0.03944067769368996,4.13,2028.2,8701.15,3.2901,1,2,10.56653628527204,11.447154471544716
48913,396,1818,158,0.04041400489059148,4.49,3534.69,11419.04,2.2306,1,0,10.797818933055856,11.433962264150944
37145,447,1218,105,0.03564858977580412,5.05,4296.16,15728.62,2.6611,1,3,10.522611372747287,11.49056603773585
145372,1115,3442,299,0.025742784072453638,4.62,16162.71,42540.01,1.632,2,3,11.887058132202684,11.473333333333333
43528,436,1374,119,0.034335051339324206,4.69,2391.22,8978.37,2.7547,1,2,10.681182661619935,11.45
39714,486,1314,114,0.035969443064026003,3.74,3303.28,9773.92,1.9589,1,0,10.589484229067233,11.42608695652174
37451,415,1386,120,0.040227589335562856,3.52,1730.12,6132.82,2.5447,1,5,10.53081539205878,11.454545454545455
47095,412,1722,149,0.03974873200829989,4.16,3703.1,13115.12,2.5417,1,4,10.759943350708097,11.48
157662,1182,3823,332,0.026359218969108884,3.36,6156.96,16942.42,1.7518,2,5,11.968215122721586,11.48048048048048
9367,220,602,52,0.06995130607998468,4.01,564.99,1885.85,2.3378,0,3,9.145054905277552,11.358490566037736
8815,180,505,43,0.06236154065555259,3.81,591.4,2272.81,2.8431,0,2,9.084323531392696,11.477272727272727
8997,199,516,44,0.06239883552846724,3.93,263.56,856.84,2.251,0,3,9.104757609401117,11.466666666666667
7768,200,444,38,0.06223772552584258,3.72,961.1,4633.84,3.8214,0,4,8.95789673495042,11.384615384615385
47413,365,1800,156,0.04126820842475049,3.82,2326.29,7863.45,2.3803,1,3,10.766672822723178,11.464968152866241
38272,376,1482,128,0.042091195939307297,4.87,4592.82,17471.56,2.8041,1,2,10.552499965731496,11.488372093023257
9287,179,652,56,0.07638169321172036,3.9,269.06,942.2,2.5018,0,5,9.136478523377727,11.43859649122807
40800,486,1264,109,0.03369491677052009,3.56,4116.13,17873.26,3.3422,1,4,10.616461869895815,11.49090909090909
39687,340,1303,113,0.03568883268059302,4.41,4014.96,13474.15,2.356,1,2,10.588804153980885,11.429824561403509
8250,216,604,52,0.07963987257754321,4.14,266.02,1238.14,3.6543,0,1,9.018089684104343,11.39622641509434
7840,178,538,46,0.07468473902348927,4.01,627.1,2742.56,3.3734,0,4,8.967121656230923,11.446808510638299
168552,1113,4630,402,0.029859056135114467,3.75,14987.71,37406.36,1.4958,2,1,12.035005519376547,11.488833746898264
7928,221,572,49,0.0784654285966981,3.78,455.08,2293.24,4.0392,0,4,8.978282203272398,11.44
9384,186,702,61,0.08132195955358115,4.95,253.25,915.43,2.6147,0,2,9.14686794902061,11.32258064516129
42524,339,1436,124,0.03672160258039899,4.34,1581.05,5201.21,2.2897,1,2,10.657847417264062,11.488
45241,379,1464,127,0.03519069720487409,4.84,2742.79,8077.38,1.945,1,0,10.719781137917781,11.4375
9677,189,583,50,0.06555284778113782,4.02,427.4,1918.25,3.4882,0,5,9.177610547353265,11.431372549019608
37214,489,1196,104,0.03493493731925349,4.4,4494.46,19144.54,3.2596,1,4,10.52446718479401,11.39047619047619
4055142,4750,52438,4559,0.014055754136417242,5.3,42615.47,124593.61,1.9237,3,4,15.21549651001466,11.499561403508771
39668,337,1283,111,0.03516145208875454,4.95,4714.04,13514.58,1.8669,1,2,10.588325305224933,11.455357142857142
180727,1200,5035,437,0.030286558709024823,4.1,17931.56,48369.45,1.6974,2,2,12.104748417537058,11.495433789954339
7627,218,497,43,0.07094301961525812,4.21,743.34,3843.39,4.1704,0,2,8.93958096672031,11.295454545454545
163422,945,3977,345,0.02645661931242862,4.22,10658.98,35461.26,2.3269,2,5,12.004097210376369,11.49421965317919
7392,195,456,39,0.06715991815314318,4.22,723.18,2907.15,3.02,0,1,8.9082888855571,11.4
7914,176,564,49,0.07749337689864172,4.06,374.78,1323.66,2.5318,0,2,8.976514972315112,11.28
165737,1143,4702,408,0.030843579678498555,4.52,12993.54,48942.39,2.7667,2,4,12.018163507237189,11.496332518337407
46535,372,1451,126,0.033910145952855485,3.86,2343.2,8792.96,2.7525,1,1,10.747981485590598,11.4251968503937
8691,153,580,50,0.07263573149957137,4.59,217.58,800.79,2.6804,0,3,9.07015834137632,11.372549019607844
41336,465,1323,115,0.03480291012059759,3.54,2427.61,8692.26,2.5806,1,3,10.629513261662012,11.405172413793103
46477,419,1782,155,0.04169030756891154,4.15,3864.42,13918.08,2.6016,1,0,10.746734361340112,11.423076923076923
150137,1302,4425,384,0.03204084805250639,4.15,12562.25,35402.98,1.8182,2,3,11.919310150137777,11.493506493506494
40526,435,1409,122,0.03781420899197604,3.57,3220.77,10378.32,2.2223,1,2,10.609723697637792,11.455284552845528
182844,987,5613,488,0.033371093460699476,3.77,9306.96,33962.66,2.6492,2,4,12.116394078385493,11.478527607361963
39390,427,1589,138,0.043874932805104926,4.66,3114.95,8796.69,1.824,1,5,10.581292642796804,11.431654676258994
47500,446,1823,158,0.04173616997076234,4.86,1749.3,4827.19,1.7595,1,5,10.768506042432708,11.465408805031446
150296,1150,3725,323,0.026941067276848887,4.6,19552.76,47894.61,1.4495,2,2,11.92036861546202,11.496913580246913
184147,942,5287,459,0.03121317302158837,4.5,7940.15,25908.06,2.2629,2,0,12.123495061102856,11.493478260869566
39331,431,1605,139,0.044378550466847244,3.47,1387.21,3039.09,1.1908,1,2,10.579793715900047,11.464285714285714
4607633,4273,64250,5586,0.015156802054051233,5.57,27029.0,52190.92,0.9309,3,3,15.343225051120033,11.499910506533023
184157,1143,5522,480,0.03259321618172574,4.38,6428.18,22325.33,2.473,2,4,12.123549363775105,11.48024948024948
41139,475,1286,111,0.03397909637976201,4.43,4241.67,12062.67,1.8438,1,3,10.624736163206949,11.482142857142858
39976,356,1267,110,0.03445197200088658,4.6,3795.06,14409.41,2.7969,1,5,10.596059567720177,11.414414414414415
4141036,5068,44543,3873,0.011691864800612533,4.34,90363.38,205180.92,1.2706,3,0,15.236456797527632,11.497934950955084
44015,468,1511,131,0.03731439212970985,4.48,3315.05,12841.73,2.8738,1,4,10.692308483164355,11.446969696969697
181316,1208,4511,392,0.02704470256732705,3.12,18950.31,57153.37,2.016,2,2,12.108002159583695,11.478371501272264
48329,339,1951,169,0.04389571840123555,4.31,3877.97,9517.74,1.4543,1,3,10.785807764839129,11.476470588235294
49229,470,2054,178,0.04535454400049365,4.01,1556.6,7328.53,3.708,1,4,10.804258472752247,11.474860335195531
9127,180,606,52,0.07227599671911962,4.65,922.19,4936.68,4.3532,0,1,9.119101891541911,11.433962264150944
180716,1378,5281,459,0.031766171510285046,3.72,18241.42,54447.22,1.9848,2,0,12.104687550738495,11.480434782608695
42473,459,1421,123,0.036367643851605166,3.6,2262.44,7290.35,2.2223,1,3,10.656647403002244,11.459677419354838
41602,384,1417,123,0.03704869552995801,3.81,2809.26,10800.63,2.8447,1,1,10.63592755903378,11.42741935483871
7289,151,558,48,0.08335442007089666,4.29,472.74,1741.8,2.6845,0,2,8.894258825002703,11.387755102040817
41990,450,1395,121,0.03612468952454663,5.03,973.25,3815.72,2.9206,1,0,10.645210588588755,11.434426229508198
47236,351,1672,145,0.03848432122374198,4.91,2579.19,10334.94,3.007,1,3,10.762932762790928,11.452054794520548
9577,185,662,57,0.07518901274993699,3.83,709.93,3112.16,3.3838,0,2,9.167224080902555,11.413793103448276
9695,167,734,63,0.0823729722868707,4.68,697.34,2620.22,2.7574,0,3,9.179468708309095,11.46875
8723,188,536,46,0.06683969660771705,3.85,702.43,2869.16,3.0846,0,2,9.07383312732152,11.404255319148936
148873,1010,4364,379,0.031865935056858766,3.62,13404.33,46739.17,2.4869,2,4,11.910855589590541,11.48421052631579
37729,498,1527,132,0.04400325730619704,4.99,1209.54,4510.63,2.7292,1,5,10.538210812958356,11.481203007518797
49958,365,1757,152,0.03823171301976967,4.71,2582.38,8081.42,2.1294,1,3,10.81895794802638,11.483660130718954
46058,361,1830,159,0.04319883253363893,3.79,3567.38,12123.0,2.3983,1,0,10.73767846232701,11.4375
7749,190,532,46,0.07474243820860434,4.56,919.91,3219.61,2.4999,0,3,8.955448122347393,11.319148936170214
142584,1329,3585,311,0.027332592375632386,3.28,7367.93,20817.6,1.8254,2,1,11.867693592088733,11.490384615384615
181451,1365,5441,473,0.03259396558428127,4.33,18739.7,56120.66,1.9947,2,0,12.10874643490067,11.478902953586498
45525,428,1447,125,0.034570749263831274,4.11,2997.33,10943.68,2.6511,1,1,10.726038870307335,11.484126984126984
8127,169,580,50,0.07758879807005963,4.41,626.26,2904.38,3.6377,0,4,9.003070169818264,11.372549019607844
7387,166,521,45,0.07671269829985225,3.67,380.78,1557.64,3.0907,0,0,8.90761234131913,11.326086956521738
9340,187,621,54,0.07229150589109216,4.58,639.59,2633.13,3.1169,0,5,9.14216859187285,11.290909090909091
9273,176,653,56,0.07659833335999969,4.54,368.47,1735.96,3.7113,0,4,9.134970064951407,11.456140350877194
4045971,5354,54511,4740,0.014644667858151543,4.98,83618.96,219630.08,1.6266,3,4,15.213232376270657,11.497785277367644
9338,215,663,57,0.07726033415555013,5.02,677.58,3083.59,3.5509,0,4,9.141954459109717,11.431034482758621
172126,1238,4821,419,0.03044615235585792,4.24,6076.21,19154.19,2.1523,2,2,12.05598785542605,11.478571428571428
39044,483,1575,137,0.043861883681448055,3.46,3299.47,9953.24,2.0166,1,3,10.572470106096775,11.41304347826087
47751,357,1647,143,0.03750813699671972,4.68,2285.11,8235.11,2.6038,1,0,10.773776229848485,11.4375
7590,211,558,48,0.07996034102505915,4.43,318.51,1174.64,2.6879,0,0,8.934718614016768,11.387755102040817
37058,384,1392,121,0.040844180859732036,5.09,4147.5,13731.1,2.3107,1,0,10.520266516204924,11.40983606557377
168925,1044,4752,413,0.03058193030133857,3.91,19267.28,47685.82,1.475,2,4,12.037216028189741,11.478260869565217
176142,973,5137,446,0.031702266100067884,3.91,12705.44,27834.0,1.1907,2,0,12.079051444120847,11.492170022371365
185070,1081,5204,452,0.03056972509744142,4.52,11026.89,34976.06,2.1719,2,0,12.128494814218087,11.487858719646798
7442,220,525,45,0.0768136330891311,3.66,668.02,3132.88,3.6898,0,1,8.915029272359911,11.41304347826087
152796,1251,3596,312,0.025584032304954565,3.98,10594.55,25422.01,1.3995,2,1,11.936865522013964,11.488817891373802
41488,440,1300,113,0.03408249419627253,4.9,1595.32,5822.86,2.65,1,0,10.633183610843151,11.403508771929825
49679,498,1938,168,0.042415378384172746,3.63,2770.65,11459.98,3.1362,1,1,10.81335771660736,11.467455621301776
175090,935,4056,352,0.025185129724485753,3.58,10610.89,25320.44,1.3863,2,5,12.073061117752502,11.490084985835693
8421,207,594,51,0.0767134969929826,4.32,787.13,3701.58,3.7026,0,1,9.038602608721874,11.423076923076923
7876,224,515,44,0.07110468201762662,4.33,717.79,2762.38,2.8485,0,5,8.971702399703325,11.444444444444445
3911029,5198,51188,4451,0.014226217257689633,4.16,93651.3,142726.18,0.524,3,5,15.179311324380693,11.497753818508535
142141,1238,4022,349,0.03076278890995961,3.5,10206.07,25841.05,1.5319,2,3,11.864581836916482,11.491428571428571
9592,161,628,54,0.07123891751734383,5.2,218.91,837.93,2.8277,0,2,9.168788944817948,11.418181818181818
158586,1218,4157,361,0.028496782590031845,3.5,10510.2,34601.46,2.2922,2,1,11.974058617610273,11.48342541436464
4981590,4481,68904,5991,0.015034599138039785,4.18,49696.8,104357.78,1.0999,3,0,15.42125987589028,11.499332443257677
39756,341,1508,131,0.04125543187879972,4.04,1714.05,7462.3,3.3536,1,0,10.590541205207513,11.424242424242424
180262,1142,5560,483,0.03352946603420784,3.37,9556.65,25209.05,1.6379,2,0,12.10217217459923,11.487603305785123
9384,208,678,59,0.07862502457998767,5.03,431.26,1281.36,1.9712,0,2,9.14686794902061,11.3
9111,196,542,47,0.06467079138420244,3.59,932.62,3410.39,2.6568,0,0,9.117347505127018,11.291666666666666
48992,439,1936,168,0.042970408450575974,4.23,1929.35,8036.92,3.1656,1,4,10.799432709744853,11.455621301775148
38505,357,1475,128,0.04165672187021656,4.15,2436.37,6872.79,1.8209,1,2,10.55856935228928,11.434108527131784
39591,418,1249,108,0.03430110539709544,4.4,4021.93,11327.63,1.8165,1,5,10.586382356631722,11.458715596330276
40485,469,1386,120,0.03721506486973727,4.19,4426.86,20036.11,3.526,1,2,10.608711514321522,11.454545454545455
3712664,3854,44442,3864,0.013011372759766361,4.65,31221.85,79476.68,1.5455,3,3,15.127260505549911,11.498576972833117
167376,1058,4792,416,0.031119740235636104,4.4,8765.18,26132.35,1.9814,2,3,12.028004032137915,11.491606714628297
9159,152,609,52,0.0722897688009559,3.72,269.57,1108.46,3.112,0,0,9.122601457668177,11.49056603773585
40133,501,1300,113,0.035227862236868114,4.26,2683.97,10353.86,2.8577,1,1,10.599979134346462,11.403508771929825
168260,1248,4632,402,0.02992610138835458,3.1,9758.88,25012.5,1.5631,2,2,12.033271624270313,11.49379652605459
154039,1163,3651,317,0.02576498252245743,3.62,17913.63,55712.57,2.1101,2,0,11.944967587928845,11.481132075471699
3740830,3866,44840,3899,0.013029240034559136,4.0,74549.59,178856.57,1.3992,3,2,15.134818337222983,11.497435897435897
8621,201,628,54,0.0792721485477151,3.89,840.7,3865.25,3.5977,0,1,9.06207235530708,11.418181818181818
39160,353,1479,128,0.041075061294097576,4.62,4686.89,17585.64,2.7521,1,0,10.575436632579894,11.465116279069768
37387,493,1174,102,0.03415623605586613,4.34,2670.63,8469.71,2.1714,1,3,10.529105076302473,11.398058252427184
8979,215,639,55,0.07738519938100284,4.95,318.57,1362.24,3.2761,0,1,9.102755161296246,11.410714285714286
154673,1300,3656,317,0.025696612945112832,4.46,8810.82,17666.92,1.0051,2,1,11.949074955209388,11.49685534591195
44121,473,1578,137,0.03889554385212764,4.51,3444.16,14846.0,3.3105,1,4,10.69471380325571,11.434782608695652
43844,458,1391,121,0.03450733572727812,3.51,3992.79,14939.99,2.7417,1,4,10.688415966213457,11.401639344262295
40199,362,1622,141,0.043861173861318485,3.79,3796.12,12141.86,2.1985,1,1,10.601622274607113,11.422535211267606
185698,1079,4543,395,0.026596280016374325,4.3,11819.31,37983.58,2.2137,2,2,12.13188236229668,11.472222222222221
8852,187,602,52,0.07392272818192895,4.81,926.07,3390.89,2.6616,0,5,9.08851166361105,11.358490566037736
39956,503,1657,144,0.045080601453493616,4.52,3571.93,16062.57,3.4969,1,4,10.59555915486914,11.427586206896551
39579,450,1252,108,0.03439568476549548,3.46,2468.36,8574.74,2.4739,1,2,10.586079219156558,11.486238532110091
150687,1137,4526,393,0.032648163497701915,4.2,13929.19,54562.14,2.9171,2,1,11.922966753043282,11.48730964467005
4666732,4511,55056,4787,0.012823578792438173,4.44,73520.74,176529.66,1.4011,3,3,15.355969813096115,11.49874686716792
186272,942,5593,486,0.03263721779579999,3.97,16934.15,57708.14,2.4078,2,3,12.134968618550438,11.484599589322382
8294,204,552,48,0.07242418962270918,5.08,992.53,3329.97,2.355,0,5,9.023408202624545,11.26530612244898
182034,1118,4594,399,0.027431621171613154,3.99,9307.63,28352.58,2.0462,2,4,12.111954255262486,11.485
182602,1021,5121,445,0.030484565267029917,4.05,16567.54,43164.73,1.6054,2,5,12.115069676361824,11.48206278026906
46542,358,1799,156,0.04201493593190656,4.96,3994.49,16872.09,3.2238,1,4,10.748131895457767,11.45859872611465
3931986,4161,55514,4827,0.01534637211181695,4.09,70727.62,185126.22,1.6175,3,3,15.184655454038236,11.4983429991715
179776,1151,4493,390,0.02717057807623602,4.42,12633.19,43803.44,2.4673,2,2,12.099472472926195,11.491048593350383
8311,188,532,46,0.06964424633677119,4.58,917.29,3714.13,3.049,0,1,9.025455532779063,11.319148936170214
39108,401,1619,140,0.045016903071805135,3.85,1836.46,7024.45,2.825,1,2,10.574107898514463,11.4822695035461
4554541,4324,60958,5300,0.014548053852456902,3.99,49123.79,134811.84,1.7443,3,1,15.331635534773401,11.499339747217507
49631,412,1659,144,0.03633536538509544,3.54,1583.59,5921.1,2.739,1,1,10.812391065976266,11.441379310344828
39190,423,1353,117,0.03753044360259357,4.83,3798.14,12169.46,2.2041,1,0,10.57620240758158,11.466101694915254
159130,1038,4455,387,0.03043321878184754,4.17,18517.33,60419.36,2.2629,2,1,11.97748304135466,11.481958762886597
7605,162,438,38,0.06260771884284178,4.84,844.57,2832.43,2.3537,0,3,8.936692688488204,11.23076923076923
170485,1143,5087,442,0.03243558335990832,4.32,13616.11,49709.02,2.6508,2,4,12.04640846089743,11.483069977426636
8666,215,528,45,0.06629807307634708,3.73,853.78,3542.6,3.1493,0,2,9.067277989134345,11.478260869565217
40495,345,1483,129,0.039828984872476214,5.01,3489.68,15933.93,3.566,1,5,10.608958482784905,11.407692307692308
140042,980,3733,324,0.028978395429459895,4.52,13712.06,42155.07,2.0743,2,5,11.849704797289872,11.486153846153845
153537,1158,3581,311,0.025356672616824456,3.31,14089.16,44020.26,2.1244,2,3,11.941703372375468,11.477564102564102
49850,498,1540,133,0.033599479494301546,5.04,4656.24,16033.99,2.4435,1,5,10.816793835369323,11.492537313432836
45315,481,1622,141,0.03892421041099362,4.29,2441.42,9251.17,2.7893,1,0,10.72141544999338,11.422535211267606
8421,200,502,43,0.06485417229688159,3.59,758.38,2893.53,2.8154,0,2,9.038602608721874,11.409090909090908
40993,454,1355,117,0.03593054116623146,4.56,2697.91,8570.28,2.1766,1,3,10.621180993514074,11.483050847457626
185408,967,5274,458,0.03092235068274561,3.76,9061.37,32911.37,2.6321,2,1,12.130319474625006,11.490196078431373
48304,365,1854,161,0.041740306022453336,4.84,2626.74,6931.97,1.639,1,3,10.78529035395161,11.444444444444445
49302,450,1788,155,0.03942655485633176,4.47,4988.13,19008.51,2.8107,1,4,10.805740210106356,11.461538461538462
180484,1187,4193,364,0.0252580138665261,4.51,6054.71,15154.11,1.5029,2,0,12.103402950808794,11.487671232876712
8930,200,546,47,0.06651259561198,4.7,503.54,2287.13,3.5421,0,2,9.097283649683886,11.375
157325,1224,3753,326,0.025930150527316474,4.09,11076.36,24209.76,1.1857,2,2,11.966075364643803,11.477064220183486
5001734,3809,70725,6150,0.015369682072056681,4.51,72666.45,149962.17,1.0637,3,3,15.425295410207799,11.498130385303202
9389,208,640,55,0.07417692622529366,4.84,798.37,2684.06,2.3619,0,2,9.147400572202308,11.428571428571429
9409,180,596,51,0.06894181490292127,4.72,571.38,2197.42,2.8458,0,2,9.149528232579426,11.461538461538462
47517,464,1879,163,0.042985517975188514,4.16,3395.37,14147.79,3.1668,1,0,10.768863865608733,11.457317073170731
47647,356,1752,152,0.039986661941660534,3.42,1051.89,4244.85,3.0355,1,2,10.771595935483736,11.450980392156863
153948,1093,4034,350,0.02848424313999363,4.15,11455.07,34837.11,2.0412,2,5,11.94437665771609,11.492877492877493
157067,1131,3913,340,0.027085139234311564,3.65,9768.36,28412.73,1.9086,2,2,11.96443411157972,11.47507331378299
149204,957,4160,361,0.03031241659362375,4.11,5595.77,16406.24,1.9319,2,4,11.913076478254624,11.491712707182321
45059,413,1576,137,0.03803690406576172,4.88,1659.21,6059.63,2.6521,1,2,10.715750213986235,11.420289855072463
163430,1145,3791,329,0.02521616302041276,3.61,11717.72,32913.84,1.8089,2,1,12.004146161896017,11.487878787878788
41936,403,1559,135,0.040409080506913164,4.32,2684.21,7373.71,1.7471,1,1,10.643923771139239,11.463235294117647
44908,464,1783,155,0.04316512517492111,4.64,3352.97,11222.11,2.3469,1,3,10.712393499078143,11.429487179487179
49444,339,1631,141,0.03585861979452182,3.42,2321.33,8613.52,2.7106,1,3,10.808616219704092,11.485915492957746
169689,1338,4236,368,0.02713751385580296,4.51,18047.83,64884.15,2.5951,2,4,12.041728521966872,11.479674796747968
3776148,5458,44629,3880,0.012846520108981064,3.94,70963.25,153557.75,1.1639,3,3,15.144215265214775,11.49935583612471
161811,1042,4094,356,0.027502578995304155,3.55,17619.59,44349.37,1.517,2,2,11.994190446492983,11.467787114845938
47454,426,1625,141,0.037226260542608774,4.45,1146.78,3761.79,2.2803,1,5,10.767537172564593,11.443661971830986
173037,1049,4558,396,0.0286375030754536,3.27,5368.53,15050.25,1.8034,2,1,12.06126650253888,11.481108312342569
7641,201,462,40,0.06576573683580625,4.46,835.79,3411.78,3.0821,0,5,8.941414628006845,11.268292682926829
8979,158,612,53,0.07418338241509471,3.99,414.29,1627.47,2.9283,0,3,9.102755161296246,11.333333333333334
185067,1147,5465,475,0.0320988542890169,3.93,19042.87,60100.84,2.1561,2,0,12.12847860409162,11.481092436974789
37541,442,1547,134,0.04480371276504241,4.44,3035.78,11358.76,2.7416,1,1,10.533215585226419,11.459259259259259
9259,216,568,49,0.06678319618517999,3.91,467.53,1556.38,2.3289,0,2,9.133459327640225,11.36
167910,1113,5004,435,0.03239757669128447,4.47,10201.67,21384.0,1.0961,2,5,12.031189356107218,11.477064220183486
8078,167,585,50,0.07883452385228722,4.02,379.31,1478.19,2.897,0,0,8.997023381479709,11.470588235294118
9267,181,651,56,0.07637001727809378,3.7,494.73,2111.28,3.2675,0,2,9.134322885552267,11.421052631578947
4511636,4560,57256,4978,0.013794335236218274,4.06,91139.96,225900.82,1.4786,3,1,15.322170616795926,11.4994978911428
46591,480,1547,134,0.0361067657534746,3.58,2065.58,6569.96,2.1807,1,5,10.749184131556358,11.459259259259259
37283,443,1396,121,0.04072777919921898,4.34,1881.04,7434.95,2.9526,1,0,10.526319559181047,11.442622950819672
149432,1104,4156,361,0.03023328127634204,3.85,7402.71,18101.34,1.4452,2,3,11.914603410823814,11.480662983425415
49865,358,1916,166,0.041770121230815416,4.1,1858.98,5954.85,2.2033,1,0,10.81709468678108,11.47305389221557
42563,456,1634,142,0.04173805915937789,5.1,3459.95,13488.58,2.8985,1,1,10.658764104561621,11.426573426573427
144384,972,4168,362,0.03137866836707549,3.97,9107.05,28278.19,2.1051,2,5,11.880238621928815,11.482093663911845
7877,155,461,40,0.06367634188582133,5.12,491.43,1908.69,2.884,0,0,8.971829343530851,11.24390243902439
39478,390,1315,114,0.036224158489563084,4.02,2980.15,8927.79,1.9958,1,3,10.583524163945977,11.434782608695652
37880,423,1196,104,0.03434139752780464,4.78,3363.4,11574.37,2.4413,1,0,10.54220494610679,11.39047619047619
7774,190,579,50,0.08100623525560943,4.69,865.49,5035.66,4.8183,0,4,8.958668737047434,11.352941176470589
8533,174,542,47,0.06907202023240805,4.72,814.58,3179.7,2.9035,0,4,9.051813463747946,11.291666666666666
49948,447,1844,160,0.040144040094826354,4.66,4523.01,15051.87,2.3278,1,0,10.818757763856276,11.453416149068323
4304593,3831,54240,4716,0.013696274206843549,5.54,31883.68,89818.11,1.8171,3,5,15.27519338245351,11.498834004663982
7626,201,464,40,0.06619101795125298,4.48,770.79,2849.94,2.6974,0,2,8.939449862164238,11.317073170731707
142837,1132,4160,361,0.03165936056085607,3.62,6713.34,20193.6,2.008,2,5,11.86946639993016,11.491712707182321
170539,1291,5203,452,0.03316770836780877,3.44,14411.38,33184.88,1.3027,2,3,12.046725152296041,11.485651214128035
157591,994,4892,425,0.033743704489036866,4.51,6861.0,20907.94,2.0474,2,5,11.967764693696191,11.48356807511737
44021,477,1608,139,0.03970810053494643,4.48,1342.17,4757.26,2.5445,1,4,10.69244478794205,11.485714285714286
38138,462,1229,106,0.03505287221927391,4.82,1726.41,4997.52,1.8947,1,0,10.548992659618232,11.485981308411215
9164,203,527,45,0.06259657062095741,4.07,563.18,2256.69,3.007,0,2,9.123147160273806,11.456521739130435
150951,1090,3577,311,0.025763009026457055,4.52,5386.55,19151.44,2.5554,2,2,11.92471718446755,11.46474358974359
44202,387,1555,135,0.03824046719912537,4.17,2526.47,10807.22,3.2776,1,4,10.696547939065669,11.433823529411764
167403,1162,5097,443,0.03309903720375116,3.85,9999.18,22435.64,1.2437,2,5,12.02816533161464,11.47972972972973
9697,213,591,51,0.0663563026154481,5.18,579.52,2459.95,3.2448,0,0,9.179674957665297,11.365384615384615
143797,1301,3750,326,0.028347097448463435,4.43,12006.07,40504.83,2.3737,2,0,11.876164815966522,11.46788990825688
9383,210,682,59,0.0790418689528204,4.07,617.62,1850.35,1.9959,0,2,9.146761390333312,11.366666666666667
38030,403,1245,108,0.03559518320841029,4.6,3365.74,11998.35,2.5648,1,0,10.546156895606837,11.422018348623853
41491,499,1569,136,0.04112882745161404,4.82,2718.78,11024.73,3.055,1,1,10.633255916551718,11.452554744525548
7518,214,566,49,0.08193723673245444,4.4,746.64,2647.76,2.5462,0,0,8.925188429378027,11.32
8719,207,526,45,0.06562176723437227,4.42,895.63,3908.38,3.3638,0,0,9.073374516903025,11.434782608695652
8193,160,526,45,0.06982532965507861,3.66,720.31,2244.34,2.1158,0,5,9.011157458106817,11.434782608695652
37311,358,1542,134,0.044942356690992634,4.35,1145.3,4441.56,2.8781,1,3,10.527070269710164,11.422222222222222
49578,408,1698,147,0.0372322793834633,4.28,2095.38,6716.13,2.2052,1,3,10.811322635962622,11.472972972972974
8296,157,578,50,0.07578705564180951,3.92,763.59,2825.22,2.6999,0,5,9.023649282664286,11.333333333333334
8753,198,524,45,0.0651240961585749,3.64,515.42,2338.19,3.5365,0,4,9.07726601775084,11.391304347826088
4716393,4575,50606,4400,0.011662853669171335,5.61,50435.1,137880.96,1.7338,3,4,15.366555082527116,11.498750284026357
140941,1245,4365,379,0.03366604812082331,3.45,11313.72,31057.3,1.7451,2,4,11.856103737215976,11.486842105263158
7543,159,474,41,0.06842354570661331,3.71,533.0,1825.25,2.4245,0,2,8.928507824313293,11.285714285714286
171867,952,4661,405,0.029483103170281143,4.61,11792.46,27725.08,1.3511,2,3,12.054482019300867,11.480295566502463
177806,1208,4529,393,0.027691156935337913,4.04,18956.77,44861.81,1.3665,2,1,12.0884539713657,11.49492385786802
8518,181,506,44,0.06465913151339908,5.1,842.75,3359.72,2.9866,0,0,9.05005424204284,11.244444444444444
160052,1013,4157,361,0.028233637474737693,3.72,9564.8,33938.43,2.5483,2,5,11.983260289364795,11.48342541436464
47774,459,1874,162,0.04264803133092618,3.43,4103.61,19677.5,3.7952,1,2,10.774257769108473,11.496932515337424
42405,416,1317,114,0.033768198173031345,3.86,4257.06,15470.91,2.6342,1,5,10.655045140642496,11.452173913043477
46896,359,1720,149,0.039878001336135775,3.78,3142.56,14124.65,3.4946,1,2,10.755708986503604,11.466666666666667
138715,1035,4287,372,0.03359720651830667,4.31,19156.99,52247.29,1.7273,2,5,11.840183956535194,11.493297587131368
9615,186,567,49,0.0642015903060504,4.5,259.76,1057.12,3.0696,0,5,9.17118365677499,11.34
42904,477,1369,119,0.034702101591323885,4.24,989.31,4512.95,3.5617,1,4,10.666743648241221,11.408333333333333
38933,390,1514,131,0.04226983308211677,4.22,4319.85,17329.31,3.0116,1,0,10.569623183849224,11.469696969696969
8135,179,537,46,0.07183035152939239,4.92,372.74,1557.96,3.1797,0,0,9.004053937728395,11.425531914893616
181614,1365,5335,463,0.031930487866771703,3.57,13768.13,46759.12,2.3962,2,1,12.109644340857153,11.497844827586206
45955,409,1545,134,0.03655579082378115,4.85,5104.22,11352.52,1.2241,1,2,10.735439695973255,11.444444444444445
7279,217,481,41,0.07187465015205625,4.66,874.81,3634.79,3.1549,0,0,8.892886141190731,11.452380952380953
4557956,5384,58690,5103,0.013996257163021428,4.9,72903.68,216735.99,1.9729,3,3,15.332385054781003,11.498824451410659
7351,188,440,38,0.06508361166832335,4.84,402.6,1826.04,3.5356,0,4,8.902727664035522,11.282051282051283
43659,450,1367,118,0.034034323797331026,3.56,4133.3,14332.4,2.4675,1,2,10.684187630103935,11.487394957983193
173045,957,4078,354,0.02561848433888958,3.1,12923.73,42112.07,2.2585,2,0,12.06131273408961,11.487323943661972
9607,205,614,53,0.06951375285076827,4.06,592.01,2329.45,2.9348,0,0,9.170351363759819,11.37037037037037
8068,208,565,49,0.07623521919519555,3.86,339.2,978.27,1.8841,0,5,8.995784837848506,11.3
39247,352,1493,129,0.04135766359582444,4.72,3127.1,9894.72,2.1642,1,2,10.577655766498271,11.484615384615385
4043385,3758,43745,3803,0.011759689420766167,5.56,43090.11,105800.16,1.4553,3,5,15.212593017723762,11.499737118822292
40830,465,1537,133,0.04093576732809677,4.06,4842.19,20261.62,3.1844,1,1,10.61719687580895,11.470149253731343
39659,356,1489,129,0.0408215235156441,4.73,2158.99,7676.52,2.5556,1,1,10.588098402073786,11.453846153846154
169515,1168,3954,343,0.02536000979066703,4.57,12478.55,41045.23,2.2893,2,4,12.040702596627924,11.494186046511627
9207,171,704,61,0.08318531274979865,4.6,294.21,1144.19,2.889,0,3,9.127827950401718,11.35483870967742
8658,206,633,55,0.0795161020422923,4.7,698.04,2953.54,3.2312,0,2,9.066354521447801,11.303571428571429
38646,392,1583,137,0.04452765413417977,3.8,1692.96,5324.04,2.1448,1,3,10.562224431339358,11.471014492753623
41831,408,1490,129,0.03874267626800293,4.46,1525.22,4730.92,2.1018,1,2,10.641416875867966,11.461538461538462
4928213,4167,54037,4698,0.011918325801309752,4.12,59972.72,125734.45,1.0965,3,2,15.410487208577315,11.499680783145351
9430,198,590,51,0.06804466365385765,4.98,596.81,2651.58,3.4429,0,4,9.151757414543885,11.346153846153847
180116,1315,5484,476,0.033094932026700864,3.47,16121.98,46772.86,1.9012,2,2,12.101361918713845,11.49685534591195
46828,413,1874,162,0.04350857886911255,4.65,1659.66,6091.44,2.6703,1,2,10.754257948116578,11.496932515337424
47107,446,1544,134,0.03564140177298239,4.34,3867.16,11601.85,2.0001,1,5,10.760198116961439,11.437037037037037
49824,493,1560,135,0.03405209068436502,3.69,2055.04,7991.99,2.889,1,4,10.816272145080996,11.470588235294118
7516,204,550,47,0.07964732807816433,3.91,523.34,2330.69,3.4535,0,1,8.924922401177469,11.458333333333334
162785,1312,4710,409,0.031453309624838326,3.92,12229.9,41015.31,2.3537,2,4,12.000191733766792,11.487804878048781
8679,188,545,47,0.06829862069129441,4.53,597.11,2287.32,2.8307,0,1,9.068776807654396,11.354166666666666
45964,482,1736,151,0.041073417048406335,4.71,4977.75,21151.14,3.2491,1,1,10.735635516297855,11.421052631578947
145928,1137,3366,292,0.02507230488687496,3.46,9106.74,28090.08,2.0845,2,0,11.89087548103775,11.488054607508532
46455,502,1483,129,0.03471507034291346,4.1,3436.28,13441.54,2.9117,1,5,10.746260907051886,11.407692307692308
9210,165,626,54,0.07391665062655471,4.83,408.87,1698.62,3.1544,0,2,9.128153700988236,11.381818181818181
45013,367,1563,135,0.037748042524101785,4.75,1337.54,4172.83,2.1198,1,5,10.714728831478542,11.492647058823529
44207,336,1730,150,0.04254960861721258,3.47,3563.13,12056.35,2.3836,1,1,10.696661047163198,11.456953642384105
174479,1017,5367,466,0.03344020809465293,3.65,5142.39,17679.48,2.438,2,3,12.069565400875511,11.492505353319057
8011,161,504,43,0.0684743531588113,5.09,336.05,1754.59,4.2212,0,4,8.988695696785708,11.454545454545455
9708,177,639,55,0.07159396660895787,4.81,332.61,1058.27,2.1817,0,5,9.180808569370145,11.410714285714286
48539,435,1704,148,0.03817588121502914,4.12,2336.05,7643.64,2.272,1,3,10.790143479280593,11.436241610738255
46052,336,1731,150,0.0408756985768496,4.02,2810.9,8951.31,2.1845,1,5,10.73754818614131,11.463576158940397
176842,966,4909,426,0.030177943994484802,3.82,6419.12,20875.92,2.2521,2,3,12.083017612283957,11.496487119437939
169438,953,4692,408,0.030105457005116118,3.94,12845.3,43324.8,2.3728,2,1,12.040248259023672,11.471882640586797
44291,437,1693,147,0.04154902744088567,4.79,3529.15,13186.56,2.7365,1,0,10.698559352817998,11.43918918918919
40496,474,1469,127,0.03943935076663477,3.54,3662.11,15072.66,3.1158,1,4,10.608983176276936,11.4765625
37739,392,1487,129,0.042832610415045554,4.62,2081.19,8433.73,3.0524,1,2,10.53847581892254,11.438461538461539
176569,1162,4690,407,0.028872555161967423,3.31,16078.48,47298.11,1.9417,2,3,12.081472677296844,11.495098039215685
4125791,4527,44735,3890,0.011785619833112734,4.16,96706.42,258781.05,1.6759,3,0,15.232768559321277,11.497044461578
44781,459,1868,162,0.04535943783986973,5.0,3150.96,8486.34,1.6933,1,3,10.709561551951284,11.460122699386503
4536047,4503,58400,5078,0.013994271400550656,5.22,63436.35,135385.37,1.1342,3,2,15.327566706344317,11.498326442213035
7482,180,551,47,0.08012761695999816,4.21,891.41,3116.62,2.4963,0,0,8.920389060080359,11.479166666666666
8632,194,522,45,0.06583200722398377,4.18,470.21,1833.16,2.8986,0,2,9.063347348235522,11.347826086956522
154432,936,3580,311,0.02520337135752175,4.36,15579.91,27248.75,0.749,2,5,11.947515624305638,11.474358974358974
7874,188,494,43,0.06832429902505228,5.2,787.57,3379.4,3.2909,0,1,8.971448463693834,11.227272727272727
4035882,4519,55503,4826,0.01494840746532964,5.33,30153.05,97396.15,2.2301,3,4,15.210735670937328,11.49844623990056
39403,470,1412,122,0.03896501636520317,4.24,3211.77,9382.99,1.9214,1,1,10.58162261297557,11.479674796747968
144632,961,4179,363,0.031410424687508605,3.84,12931.99,34768.01,1.6885,2,3,11.88195477843718,11.48076923076923
42675,458,1672,145,0.042603141698256755,3.68,2647.54,9839.92,2.7166,1,5,10.661391980311352,11.452054794520548
44938,358,1754,152,0.04243577826841185,4.53,3285.58,10676.73,2.2496,1,5,10.713061293600333,11.4640522875817
9607,155,557,48,0.06305237021455404,4.03,512.44,2133.29,3.163,0,4,9.170351363759819,11.36734693877551
4039025,4179,56049,4873,0.015083627850531599,4.22,69367.93,107070.7,0.5435,3,1,15.21151413176177,11.499589659417316
151382,1274,4032,350,0.02895670541041376,4.28,8995.65,30167.07,2.3535,2,0,11.92756832834416,11.487179487179487
37828,417,1181,102,0.0339389177989697,3.52,2732.36,9467.1,2.4648,1,1,10.540831283230636,11.466019417475728
182313,988,4979,432,0.02968595041766741,3.71,14960.67,42161.24,1.8181,2,2,12.113485754207359,11.498845265588914
8063,217,462,40,0.06228381648895892,4.71,701.87,2840.61,3.0472,0,0,8.99516499031115,11.268292682926829
9624,192,728,63,0.08224406359802088,3.63,849.28,3186.41,2.7519,0,3,9.172119159155985,11.375
158541,1044,4585,398,0.03143584091113004,4.59,12270.95,44600.68,2.6347,2,1,11.973774821424483,11.491228070175438
40322,445,1331,115,0.035886079776609806,4.38,3838.67,12131.89,2.1604,1,5,10.604677304739258,11.474137931034482
160741,1373,4489,390,0.030357210545182835,3.62,13960.06,60742.1,3.3511,2,0,11.987555874142954,11.48081841432225
143687,993,3566,310,0.026977295322169893,3.47,15075.09,44917.51,1.9796,2,0,11.875399561273298,11.466237942122186
9338,192,629,54,0.07322526103617612,3.74,334.53,1181.29,2.5312,0,3,9.141954459109717,11.436363636363636
48199,457,1522,132,0.03434205806817222,4.62,3966.66,14970.9,2.7742,1,5,10.783114300038692,11.443609022556391
44068,349,1579,137,0.038966362994416234,4.24,3020.71,9842.74,2.2584,1,0,10.69351186640545,11.442028985507246
39138,494,1570,136,0.043603008447588076,4.55,4930.73,21516.38,3.3637,1,2,10.574874691313509,11.459854014598541
8354,180,584,50,0.07600841069916447,4.5,943.96,3702.61,2.9224,0,1,9.030615441029495,11.450980392156863
7340,188,536,46,0.07939904170812577,4.35,887.93,3877.29,3.3667,0,4,8.901230352110781,11.404255319148936
7314,208,445,38,0.06620040022540521,3.99,388.41,1668.34,3.2953,0,2,8.897682313454224,11.41025641025641
7600,174,547,47,0.07831590572084472,4.45,995.3,4094.29,3.1136,0,0,8.936035096566041,11.395833333333334
39648,483,1603,139,0.0439534899989162,4.9,1199.02,4120.0,2.4361,1,2,10.587821006063988,11.45
40091,411,1667,144,0.04520130754939567,4.73,2902.17,8234.52,1.8374,1,5,10.598932092144757,11.49655172413793
37329,346,1340,116,0.03903301963870439,4.96,3327.72,8425.2,1.5318,1,3,10.527552571908629,11.452991452991453
44005,419,1408,122,0.034789597660086595,4.53,1263.85,5038.41,2.9866,1,0,10.692081267240086,11.447154471544716
9266,178,671,58,0.07872733472201056,5.24,626.65,2380.13,2.7982,0,1,9.134214981586691,11.372881355932204
7699,189,482,41,0.06807152098663596,4.94,465.41,1887.07,3.0546,0,3,8.948975607841776,11.476190476190476
44512,442,1760,153,0.04298670782153295,4.09,2535.26,9697.78,2.8252,1,2,10.703536560322721,11.428571428571429
9502,189,570,49,0.0652534554827417,4.77,307.65,1532.16,3.9802,0,4,9.159362817211315,11.4
9193,173,680,59,0.0805066869017993,5.14,280.98,1108.98,2.9468,0,2,9.126306376366173,11.333333333333334
7884,223,470,40,0.06487730162861964,3.89,656.99,2726.38,3.1498,0,1,8.972717499397138,11.463414634146341
39379,486,1495,130,0.0412865152344229,3.67,2992.32,12420.42,3.1508,1,1,10.581013352193116,11.412213740458014
42721,439,1357,118,0.03452904783810432,4.92,1315.97,5166.02,2.9256,1,3,10.66246928901762,11.403361344537815
4746202,4659,66934,5820,0.01532915520264786,4.53,83231.98,212357.59,1.5514,3,5,15.37285548792447,11.498711561587356
49817,448,1881,163,0.04105423853278016,3.7,1586.98,6299.71,2.9696,1,1,10.816131643490086,11.46951219512195
9418,182,566,49,0.0653467906304419,3.56,774.97,3638.73,3.6953,0,0,9.150484204822817,11.32
44279,424,1713,148,0.042056708181606096,4.93,2254.1,8515.93,2.778,1,3,10.698288386822574,11.496644295302014
38011,458,1250,108,0.03575958259422718,4.88,3615.75,12741.43,2.5239,1,5,10.545657178331206,11.46788990825688
47663,426,1839,159,0.04194885425010276,3.95,1506.94,5336.58,2.5413,1,1,10.771931674953063,11.49375
8376,211,553,48,0.07182639064373507,4.17,344.01,1667.16,3.8463,0,4,9.033245134153809,11.285714285714286
43424,475,1498,130,0.03750919286477639,3.71,3367.95,13193.02,2.9172,1,1,10.678790591109305,11.435114503816793
172835,1305,4114,357,0.025877622560577563,3.45,13806.63,26598.6,0.9265,2,3,12.06009844698705,11.491620111731844
38827,394,1388,120,0.038872254888282276,4.69,3674.42,13744.77,2.7407,1,2,10.566896914832117,11.47107438016529
45472,440,1577,137,0.03771241461796509,4.85,1126.32,4866.97,3.3211,1,4,10.72487402221026,11.427536231884059
43125,500,1628,141,0.041047974633144926,3.63,1304.49,4579.41,2.5105,1,4,10.671881342470611,11.464788732394366
8896,174,628,54,0.07677963463210886,3.66,860.03,3066.11,2.5651,0,5,9.093469420244768,11.418181818181818
146650,1319,3641,316,0.026993723692947398,4.37,12373.07,37304.65,2.015,2,0,11.895810893339048,11.485804416403786
151739,1221,4343,377,0.03111240805835671,3.87,12276.08,36828.15,2.0,2,5,11.929923808892067,11.489417989417989
153008,1022,3558,309,0.025282730107240598,3.55,6583.65,21912.91,2.3284,2,1,11.938252022173948,11.477419354838709
8838,220,657,57,0.08081264017832734,4.89,412.72,1770.6,3.2901,0,4,9.086929027060949,11.327586206896552
9181,199,570,49,0.06748577765437357,5.14,458.75,1973.27,3.3014,0,1,9.125000324809168,11.4
8882,192,524,45,0.06422892977615748,4.33,683.89,2573.93,2.7637,0,5,9.0918946167697,11.391304347826088
42982,481,1582,137,0.04001222163058304,4.06,1777.47,6317.49,2.5542,1,2,10.668559967667536,11.46376811594203
49722,354,1763,153,0.0385431282943568,3.48,4349.15,15597.18,2.5863,1,2,10.814222881696587,11.448051948051948
174195,1348,4400,382,0.027459929246635317,4.4,17529.36,44532.86,1.5405,2,5,12.067936381024392,11.488250652741515
4078844,5414,54296,4721,0.014469355338157625,5.26,30034.56,65406.09,1.1777,3,2,15.221324418068011,11.498517577297756
7228,222,516,44,0.07765971435651806,4.07,569.96,2688.32,3.7167,0,4,8.885855993000296,11.466666666666667
47798,383,1929,167,0.04387265995278382,3.6,2684.58,9935.7,2.701,1,4,10.774759997758618,11.482142857142858
8966,190,527,45,0.06391360120007844,3.96,413.36,1867.94,3.5189,0,2,9.101306450952048,11.456521739130435
138729,1140,3528,306,0.0276471595999032,4.0,11120.82,30077.38,1.7046,2,3,11.84028487707477,11.49185667752443
7935,172,569,49,0.07802013803373056,3.62,671.55,2376.94,2.5395,0,3,8.979164648964709,11.38
182141,1317,5174,449,0.0308800373060569,3.99,13517.36,30133.96,1.2293,2,2,12.112541881625924,11.497777777777777
181624,1009,4292,373,0.025686508010523107,3.45,11449.01,31298.08,1.7337,2,5,12.109699400872584,11.475935828877006
47344,341,1761,153,0.04044026731371835,5.11,4836.17,19634.3,3.0599,1,3,10.765216496417601,11.435064935064934
179840,1164,4227,367,0.025551312819908183,4.36,17218.36,41886.37,1.4327,2,5,12.099828406170225,11.486413043478262
8700,158,511,44,0.0638551997397791,5.14,404.73,1484.05,2.6668,0,3,9.071193240566025,11.355555555555556
170748,1307,5143,447,0.0327425939004896,3.96,12028.57,29584.97,1.4596,2,2,12.047949920900514,11.479910714285714
4372767,4520,51118,4445,0.012706654061855479,4.56,67827.89,150269.69,1.2155,3,2,15.290906776163558,11.497525865946919
47074,437,1910,166,0.04410669070648547,4.17,2759.74,9489.34,2.4385,1,0,10.759497353525353,11.437125748502995
44897,442,1674,145,0.04054551100738228,4.61,3112.0,10430.97,2.3519,1,5,10.712148529308413,11.465753424657533
40073,422,1282,111,0.03477481321564522,4.07,2943.75,11385.71,2.8678,1,3,10.59848302395369,11.446428571428571
4333905,4933,60853,5291,0.01526221700060645,4.87,27668.94,94147.62,2.4026,3,4,15.281979771872304,11.499055177626607
46678,421,1762,153,0.041047523523433015,3.53,3689.67,11806.65,2.1999,1,5,10.7510496637203,11.441558441558442
4029481,4393,49430,4298,0.013334051947418771,3.83,61606.45,130612.14,1.1201,3,4,15.20914838968126,11.49802279599907
7537,170,575,50,0.08300124988566096,4.12,951.9,4245.23,3.4597,0,4,8.92771217382708,11.27450980392157
43265,368,1622,141,0.040771414481394944,3.89,3716.48,12105.52,2.2573,1,2,10.675122386144814,11.422535211267606
39676,422,1226,106,0.03360617765046106,3.43,1936.68,7242.21,2.7395,1,4,10.58852695370191,11.457943925233645
39833,342,1276,110,0.034819808877399126,3.99,1617.72,5681.5,2.512,1,5,10.592476097947214,11.495495495495495
177251,1188,4812,418,0.029511729342935587,3.53,16619.66,57831.37,2.4797,2,0,12.0853277278286,11.484486873508354
49134,402,1562,135,0.03457200417332834,4.46,4382.59,14934.54,2.4077,1,3,10.802326890796527,11.485294117647058
38460,393,1399,121,0.03954774253054142,4.9,3647.14,13774.06,2.7767,1,4,10.557400019844792,11.467213114754099
162185,1248,5035,437,0.033746644519971794,3.28,20286.32,75130.68,2.7035,2,4,11.996499103744663,11.495433789954339
40560,402,1437,125,0.03853460197754269,4.11,4230.59,15222.33,2.5982,1,5,10.610562292793487,11.404761904761905
48819,455,1829,159,0.04073738192440575,3.94,3565.13,12330.31,2.4586,1,3,10.79589534394695,11.43125
47725,496,1899,165,0.043262345268829584,3.41,3686.84,12107.21,2.2839,1,5,10.773231601753162,11.439759036144578
169149,947,4242,368,0.027262095683343424,3.17,6790.2,14708.47,1.1661,2,5,12.038541174208854,11.495934959349594
44854,451,1440,125,0.034896304659424185,4.07,2876.54,12016.33,3.1774,1,0,10.711190343993383,11.428571428571429
8339,177,494,42,0.06444784987308425,4.28,251.36,970.6,2.8614,0,2,9.028818495352793,11.488372093023257
4677787,3852,50574,4397,0.011751656086799357,4.41,34005.6,85098.98,1.5025,3,2,15.358335906587161,11.49931787175989
4926452,4963,64203,5582,0.014165665270238787,4.43,71403.48,215696.63,2.0208,3,2,15.410129814457607,11.499731327243417
4472227,3738,57577,5006,0.013993943403192885,5.46,68757.07,183971.95,1.6757,3,2,15.313397276417259,11.499300978629918
44969,482,1742,151,0.04211139303060762,3.62,2671.94,10376.93,2.8837,1,1,10.713750879764753,11.460526315789474
48752,347,1787,155,0.03986210694002043,3.65,2216.16,6588.43,1.9729,1,2,10.794522012994118,11.455128205128204
138695,1118,3520,306,0.027592259041509654,3.83,16475.92,45584.2,1.7667,2,5,11.840039766665724,11.465798045602606
44507,343,1433,124,0.0349971130076749,4.37,2522.53,8864.59,2.5142,1,3,10.70342422727759,11.464
154854,1260,4379,380,0.030743212340580903,4.38,13484.85,43710.61,2.2415,2,1,11.950244474192298,11.493438320209973
46012,408,1757,152,0.04150757887590529,3.88,2175.89,6303.39,1.8969,1,2,10.73667924424057,11.483660130718954
4097239,5187,49865,4336,0.013228883119405779,5.24,84182.04,117927.32,0.4009,3,3,15.225824134261677,11.497578971639381
4770761,5315,66387,5772,0.015125498223765509,4.56,70245.65,127179.52,0.8105,3,3,15.378016598533776,11.499566949592932
41136,433,1435,124,0.03793493914865464,4.44,1562.13,6016.0,2.8512,1,1,10.624663238817353,11.48
46182,451,1613,140,0.0379749570765442,3.7,4379.16,15581.16,2.558,1,1,10.740367043985996,11.439716312056738
42593,359,1727,150,0.044077968702505924,4.0,4952.79,14565.01,1.9408,1,5,10.65946867726744,11.437086092715232
38990,340,1477,128,0.0411862454088594,4.5,2548.84,8399.39,2.2954,1,2,10.571086129249698,11.449612403100776
