Campaign_ID,Influencer_Category,Category,Platform,Campaign_Type,Budget_Allocated,Amount_Spent,Revenue_Generated,ROI,Conversions,Estimated_Reach,Impressions
CAMP_0001,Fashion,Fashion,Instagram,Influencer Story Campaign,19204.24,19495.15,67863.58,2.481,1249,199814,177441
CAMP_0002,Lifestyle,Lifestyle,YouTube,Influencer Story Campaign,4489.73,4693.42,10617.78,1.2623,139,67461,89634
CAMP_0003,Lifestyle,Lifestyle,Instagram,Influencer Brand Ambassador,3686.75,3601.78,11427.88,2.1728,305,60944,63178
CAMP_0004,Travel,Travel,TikTok,Influencer Story Campaign,1028.76,1030.86,3355.26,2.2548,89,104778,150230
CAMP_0005,Tech,Tech,Instagram,Influencer Story Campaign,2941.66,2756.93,12511.17,3.5381,245,82678,111551
CAMP_0006,Food,Food,Instagram,Influencer Sponsored Post,544.84,530.37,1967.26,2.7092,27,8439,7071
CAMP_0007,Lifestyle,Lifestyle,Instagram,Influencer Sponsored Post,2357.21,2244.83,8036.85,2.5802,166,26322,26189
CAMP_0008,Fashion,Fashion,Instagram,Influencer Reel Collaboration,17839.5,16529.66,56808.79,2.4368,710,212664,294586
CAMP_0009,Fitness,Fitness,Instagram,Influencer Story Campaign,2925.43,3034.6,11455.94,2.7751,246,64565,93526
CAMP_0010,Food,Food,Instagram,Influencer Reel Collaboration,15957.58,15833.91,46162.34,1.9154,715,931414,846057
CAMP_0011,Tech,Tech,Instagram,Influencer Sponsored Post,3168.78,2938.83,10405.45,2.5407,144,53104,48335
CAMP_0012,Travel,Travel,Instagram,Influencer Story Campaign,254.37,247.37,838.97,2.3916,10,5353,6417
CAMP_0013,Travel,Travel,TikTok,Influencer Sponsored Post,2676.9,2659.45,8346.19,2.1383,134,88503,90266
CAMP_0014,Tech,Tech,YouTube,Influencer Story Campaign,9499.96,9887.3,35296.0,2.5698,461,441535,356107
CAMP_0015,Travel,Travel,TikTok,Influencer Sponsored Post,370.52,347.26,1236.59,2.561,32,5845,5842
CAMP_0016,Food,Food,TikTok,Influencer Brand Ambassador,4948.93,4893.32,17900.1,2.6581,289,97717,116109
CAMP_0017,Lifestyle,Lifestyle,Instagram,Influencer Story Campaign,4558.85,4522.01,14986.75,2.3142,232,109310,103026
CAMP_0018,Lifestyle,Lifestyle,Instagram,Influencer Reel Collaboration,4632.64,4317.61,17301.39,3.0072,358,18658,18540
CAMP_0019,Fitness,Fitness,Instagram,Influencer Story Campaign,2047.82,2001.62,7208.34,2.6013,231,109154,159532
CAMP_0020,Lifestyle,Lifestyle,Instagram,Influencer Sponsored Post,13737.64,13406.18,30095.59,1.2449,1102,265287,279945
CAMP_0021,Fitness,Fitness,Instagram,Influencer Story Campaign,15004.0,15325.31,52306.47,2.4131,884,480858,436709
CAMP_0022,Fashion,Fashion,Instagram,Influencer Story Campaign,5371.8,5587.66,14942.55,1.6742,219,882343,960164
CAMP_0023,Lifestyle,Lifestyle,Instagram,Influencer Brand Ambassador,761.02,786.42,3146.69,3.0013,45,7767,8716
CAMP_0024,Tech,Tech,Instagram,Influencer Story Campaign,354.5,338.98,1441.43,3.2523,50,6878,9225
CAMP_0025,Tech,Tech,TikTok,Influencer Reel Collaboration,17654.92,18398.21,76240.78,3.1439,2189,457235,673861
CAMP_0026,Tech,Tech,Instagram,Influencer Sponsored Post,2382.75,2327.31,11151.35,3.7915,140,53114,46790
CAMP_0027,Travel,Travel,Instagram,Influencer Brand Ambassador,548.85,570.98,1692.04,1.9634,25,10018,12717
CAMP_0028,Tech,Tech,YouTube,Influencer Sponsored Post,93661.67,89990.98,220779.0,1.4533,3081,11554812,15065487
CAMP_0029,Tech,Tech,TikTok,Influencer Brand Ambassador,9892.74,9481.55,33920.7,2.5775,442,841076,1071633
CAMP_0030,Fashion,Fashion,TikTok,Influencer Brand Ambassador,4334.9,4149.79,16504.14,2.9771,339,51829,62505
CAMP_0031,Lifestyle,Lifestyle,Instagram,Influencer Reel Collaboration,3702.51,3634.07,14727.58,3.0526,428,79000,67889
CAMP_0032,Travel,Travel,TikTok,Influencer Brand Ambassador,961.6,968.78,3093.5,2.1932,82,5348,5023
CAMP_0033,Fitness,Fitness,Instagram,Influencer Story Campaign,68901.92,67469.04,198342.48,1.9398,3074,2321854,2481562
CAMP_0034,Food,Food,Instagram,Influencer Story Campaign,5083.17,5245.11,13131.17,1.5035,178,897443,1206965
CAMP_0035,Fashion,Fashion,Instagram,Influencer Reel Collaboration,399.36,391.11,1678.65,3.292,21,3488,4244
CAMP_0036,Food,Food,TikTok,Influencer Reel Collaboration,13218.08,12434.12,28059.86,1.2567,387,1050790,1171682
CAMP_0037,Fashion,Fashion,Instagram,Influencer Reel Collaboration,2098.39,2125.17,7819.78,2.6796,105,22155,18973
CAMP_0038,Fashion,Fashion,Instagram,Influencer Reel Collaboration,15596.29,15189.74,51420.09,2.3852,1190,177348,199719
CAMP_0039,Fitness,Fitness,Instagram,Influencer Reel Collaboration,4079.18,3763.2,15772.32,3.1912,307,103163,150609
CAMP_0040,Tech,Tech,YouTube,Influencer Reel Collaboration,3938.54,4083.15,14692.86,2.5984,283,91069,90254
CAMP_0041,Food,Food,Instagram,Influencer Reel Collaboration,3716.57,3769.14,15317.89,3.064,194,64994,76295
CAMP_0042,Food,Food,TikTok,Influencer Sponsored Post,542.89,512.28,1582.3,2.0887,40,9064,9328
CAMP_0043,Food,Food,Instagram,Influencer Brand Ambassador,10686.89,11153.44,23840.73,1.1375,468,898539,1189950
CAMP_0044,Fitness,Fitness,Instagram,Influencer Story Campaign,16718.5,15468.52,53739.11,2.4741,2012,793414,772069
CAMP_0045,Fitness,Fitness,TikTok,Influencer Story Campaign,578.85,574.98,2506.63,3.3595,37,3374,3095
CAMP_0046,Travel,Travel,Instagram,Influencer Story Campaign,28647.9,29815.45,87021.92,1.9187,1535,1530812,2197661
CAMP_0047,Food,Food,YouTube,Influencer Story Campaign,752.49,716.05,2732.31,2.8158,43,11776,16060
CAMP_0048,Travel,Travel,Instagram,Influencer Brand Ambassador,3646.09,3594.22,10493.4,1.9195,239,21038,29341
CAMP_0049,Food,Food,Instagram,Influencer Reel Collaboration,70846.81,71693.44,121319.5,0.6922,1553,8813146,8716709
CAMP_0050,Travel,Travel,YouTube,Influencer Reel Collaboration,3924.1,3774.59,13470.4,2.5687,349,47179,68609
CAMP_0051,Tech,Tech,YouTube,Influencer Story Campaign,13547.74,13131.4,54019.69,3.1138,1543,810646,768884
CAMP_0052,Tech,Tech,Instagram,Influencer Brand Ambassador,15517.76,15397.54,52466.72,2.4075,982,399688,373204
CAMP_0053,Fashion,Fashion,YouTube,Influencer Reel Collaboration,1961.3,1969.08,5597.56,1.8427,185,74402,71062
CAMP_0054,Lifestyle,Lifestyle,Instagram,Influencer Brand Ambassador,10535.31,10419.63,29654.59,1.846,612,690358,912760
CAMP_0055,Tech,Tech,Instagram,Influencer Reel Collaboration,2005.61,2033.22,7529.23,2.7031,97,27814,35688
CAMP_0056,Fashion,Fashion,Instagram,Influencer Reel Collaboration,3358.35,3350.23,14471.84,3.3197,183,80765,111685
CAMP_0057,Tech,Tech,Instagram,Influencer Brand Ambassador,211.32,197.89,919.11,3.6446,22,10251,14975
CAMP_0058,Lifestyle,Lifestyle,YouTube,Influencer Sponsored Post,13610.96,13369.13,38001.89,1.8425,868,602198,888752
CAMP_0059,Tech,Tech,YouTube,Influencer Sponsored Post,11010.61,10955.7,34506.5,2.1496,495,187680,274836
CAMP_0060,Fitness,Fitness,Instagram,Influencer Sponsored Post,2664.7,2725.45,9599.45,2.5222,256,90135,105079
CAMP_0061,Food,Food,YouTube,Influencer Brand Ambassador,19850.47,19729.82,77961.06,2.9514,2559,430214,573869
CAMP_0062,Lifestyle,Lifestyle,Instagram,Influencer Brand Ambassador,7355.86,7295.24,23505.47,2.222,699,292256,317378
CAMP_0063,Lifestyle,Lifestyle,TikTok,Influencer Reel Collaboration,1925.9,1842.61,6467.38,2.5099,170,104662,103111
CAMP_0064,Lifestyle,Lifestyle,TikTok,Influencer Story Campaign,3178.25,2985.55,9752.25,2.2665,246,96886,87155
CAMP_0065,Fitness,Fitness,Instagram,Influencer Brand Ambassador,4296.96,4198.52,14208.66,2.3842,301,49828,49358
CAMP_0066,Travel,Travel,YouTube,Influencer Reel Collaboration,231.89,235.48,879.49,2.7349,15,8578,7017
CAMP_0067,Fashion,Fashion,TikTok,Influencer Sponsored Post,73782.53,73407.13,180066.1,1.453,3363,5621644,6237554
CAMP_0068,Tech,Tech,Instagram,Influencer Reel Collaboration,2966.9,2910.83,10833.1,2.7217,228,23959,24551
CAMP_0069,Fitness,Fitness,Instagram,Influencer Brand Ambassador,2981.88,3109.73,12380.36,2.9812,247,98846,100838
CAMP_0070,Tech,Tech,Instagram,Influencer Reel Collaboration,17373.91,17469.39,47621.7,1.726,868,111206,121133
CAMP_0071,Fashion,Fashion,TikTok,Influencer Brand Ambassador,2993.97,3050.25,11601.38,2.8034,152,69939,77400
CAMP_0072,Lifestyle,Lifestyle,YouTube,Influencer Sponsored Post,704.02,712.66,3095.83,3.344,73,5420,4387
CAMP_0073,Food,Food,Instagram,Influencer Story Campaign,93034.39,97045.84,214377.2,1.209,2809,8841810,8879857
CAMP_0074,Lifestyle,Lifestyle,Instagram,Influencer Reel Collaboration,19703.67,19297.42,50013.06,1.5917,1517,365570,341233
CAMP_0075,Travel,Travel,TikTok,Influencer Story Campaign,9143.71,9427.84,21552.11,1.286,542,938381,752389
CAMP_0076,Lifestyle,Lifestyle,Instagram,Influencer Reel Collaboration,11698.21,11287.21,39158.31,2.4693,707,617868,729332
CAMP_0077,Food,Food,Instagram,Influencer Story Campaign,39104.44,37163.42,88689.96,1.3865,1344,7525184,9735025
CAMP_0078,Food,Food,YouTube,Influencer Story Campaign,1148.08,1200.31,4065.79,2.3873,93,77836,67737
CAMP_0079,Food,Food,Instagram,Influencer Reel Collaboration,315.32,293.16,1175.42,3.0095,19,4029,4344
CAMP_0080,Fitness,Fitness,Instagram,Influencer Reel Collaboration,70143.93,72487.42,155758.64,1.1488,5774,9286400,7873887
CAMP_0081,Lifestyle,Lifestyle,Instagram,Influencer Story Campaign,11509.57,11726.5,32140.35,1.7408,941,213225,215277
CAMP_0082,Fitness,Fitness,Instagram,Influencer Brand Ambassador,9400.52,9174.81,26345.56,1.8715,685,503049,547536
CAMP_0083,Lifestyle,Lifestyle,Instagram,Influencer Story Campaign,687.59,687.98,2653.71,2.8572,80,7767,8720
CAMP_0084,Tech,Tech,YouTube,Influencer Brand Ambassador,18483.63,19170.43,81328.81,3.2424,1306,597853,544394
CAMP_0085,Food,Food,Instagram,Influencer Brand Ambassador,2697.24,2641.65,7830.0,1.9641,108,44780,39167
CAMP_0086,Food,Food,TikTok,Influencer Brand Ambassador,4970.77,4587.29,23654.16,4.1565,334,50696,54602
CAMP_0087,Fitness,Fitness,TikTok,Influencer Sponsored Post,79613.77,81273.42,210977.3,1.5959,5695,5901541,5506683
CAMP_0088,Tech,Tech,Instagram,Influencer Sponsored Post,71707.25,73322.05,251382.89,2.4285,9367,6283033,6631131
CAMP_0089,Fashion,Fashion,Instagram,Influencer Brand Ambassador,2662.01,2494.78,6177.78,1.4763,113,38318,55156
CAMP_0090,Fashion,Fashion,Instagram,Influencer Reel Collaboration,43611.32,44681.99,95432.66,1.1358,1880,6782698,5783671
CAMP_0091,Fashion,Fashion,YouTube,Influencer Brand Ambassador,515.66,510.38,1752.79,2.4343,28,5832,7052
CAMP_0092,Lifestyle,Lifestyle,Instagram,Influencer Sponsored Post,12072.15,12494.08,37339.05,1.9885,668,759641,1094398
CAMP_0093,Fashion,Fashion,Instagram,Influencer Reel Collaboration,44175.21,41311.24,105299.58,1.5489,1319,7950067,7006269
CAMP_0094,Fashion,Fashion,TikTok,Influencer Story Campaign,2484.05,2510.24,9224.72,2.6748,168,109404,132503
CAMP_0095,Lifestyle,Lifestyle,Instagram,Influencer Reel Collaboration,17505.4,17033.72,49580.47,1.9107,1092,755558,838947
CAMP_0096,Fashion,Fashion,Instagram,Influencer Sponsored Post,49386.8,47738.64,114343.12,1.3952,2438,11918398,11118268
CAMP_0097,Fitness,Fitness,YouTube,Influencer Sponsored Post,14625.57,15301.89,52869.05,2.4551,665,736152,994456
CAMP_0098,Fashion,Fashion,Instagram,Influencer Story Campaign,4252.21,4093.66,15419.45,2.7667,465,42539,60846
CAMP_0099,Fitness,Fitness,Instagram,Influencer Story Campaign,63217.24,59063.26,156803.87,1.6548,3507,4027575,5444886
CAMP_0100,Travel,Travel,Instagram,Influencer Sponsored Post,241.92,239.11,832.58,2.482,12,8397,9516
CAMP_0101,Tech,Tech,TikTok,Influencer Sponsored Post,1886.2,1745.94,7310.84,3.1873,136,92623,103796
CAMP_0102,Fitness,Fitness,Instagram,Influencer Reel Collaboration,11394.1,11208.77,24499.58,1.1858,326,223206,190047
CAMP_0103,Fitness,Fitness,Instagram,Influencer Story Campaign,420.01,418.37,1722.09,3.1162,29,11872,11948
CAMP_0104,Travel,Travel,TikTok,Influencer Reel Collaboration,761.42,771.86,2494.44,2.2317,67,10533,11755
CAMP_0105,Fashion,Fashion,YouTube,Influencer Brand Ambassador,10980.95,10238.21,24403.97,1.3836,535,875054,793540
CAMP_0106,Food,Food,Instagram,Influencer Sponsored Post,6398.45,6505.92,20725.21,2.1856,455,211255,188245
CAMP_0107,Fitness,Fitness,TikTok,Influencer Brand Ambassador,11162.13,11234.62,34508.46,2.0716,533,1026043,1516367
CAMP_0108,Travel,Travel,Instagram,Influencer Brand Ambassador,605.93,609.19,1677.86,1.7542,44,4035,3533
CAMP_0109,Travel,Travel,Instagram,Influencer Sponsored Post,13611.5,13281.89,26525.5,0.9971,448,956432,1217044
CAMP_0110,Travel,Travel,Instagram,Influencer Brand Ambassador,418.62,435.28,1468.08,2.3727,33,6562,6082
CAMP_0111,Fashion,Fashion,TikTok,Influencer Reel Collaboration,792.78,738.81,2697.26,2.6508,53,2002,1822
CAMP_0112,Tech,Tech,Instagram,Influencer Sponsored Post,7333.7,7336.04,23231.61,2.1668,374,901083,892497
CAMP_0113,Lifestyle,Lifestyle,YouTube,Influencer Reel Collaboration,2656.73,2704.93,10171.05,2.7602,250,40255,51322
CAMP_0114,Food,Food,TikTok,Influencer Brand Ambassador,516.21,478.59,2035.36,3.2528,56,11319,16545
CAMP_0115,Fashion,Fashion,Instagram,Influencer Brand Ambassador,1030.92,1006.16,4046.76,3.022,107,109912,130916
CAMP_0116,Lifestyle,Lifestyle,Instagram,Influencer Sponsored Post,3968.17,3660.38,13919.04,2.8026,183,69176,97086
CAMP_0117,Travel,Travel,YouTube,Influencer Reel Collaboration,11265.41,10957.35,32654.63,1.9802,423,230768,258937
CAMP_0118,Lifestyle,Lifestyle,Instagram,Influencer Sponsored Post,1423.45,1418.54,4740.4,2.3417,88,69104,74427
CAMP_0119,Tech,Tech,Instagram,Influencer Story Campaign,1672.53,1676.41,6219.45,2.71,91,78910,82521
CAMP_0120,Lifestyle,Lifestyle,Instagram,Influencer Story Campaign,404.77,404.09,1512.72,2.7435,22,4342,5465
CAMP_0121,Fashion,Fashion,YouTube,Influencer Reel Collaboration,16398.16,16538.32,57164.2,2.4565,721,580711,595952
CAMP_0122,Lifestyle,Lifestyle,Instagram,Influencer Story Campaign,2875.68,2758.83,8177.08,1.964,203,94756,79530
CAMP_0123,Travel,Travel,Instagram,Influencer Brand Ambassador,1150.43,1182.78,4821.96,3.0768,66,60331,74237
CAMP_0124,Travel,Travel,YouTube,Influencer Reel Collaboration,4816.93,4992.57,18457.38,2.697,371,108851,148785
CAMP_0125,Lifestyle,Lifestyle,Instagram,Influencer Brand Ambassador,3005.47,2941.06,10942.42,2.7206,138,20109,17274
CAMP_0126,Lifestyle,Lifestyle,Instagram,Influencer Sponsored Post,550.21,543.68,1633.48,2.0045,27,8699,9175
CAMP_0127,Tech,Tech,YouTube,Influencer Reel Collaboration,15183.47,15526.61,48909.78,2.1501,1619,164909,210236
CAMP_0128,Tech,Tech,Instagram,Influencer Story Campaign,3330.96,3461.46,13386.27,2.8672,318,30537,38453
CAMP_0129,Lifestyle,Lifestyle,YouTube,Influencer Story Campaign,4752.01,4717.13,14863.07,2.1509,464,52577,67928
CAMP_0130,Lifestyle,Lifestyle,TikTok,Influencer Sponsored Post,2693.63,2484.52,7664.81,2.085,182,59425,87106
CAMP_0131,Tech,Tech,YouTube,Influencer Story Campaign,310.05,297.17,1375.03,3.6271,25,2764,3640
CAMP_0132,Travel,Travel,Instagram,Influencer Brand Ambassador,14270.47,13827.71,30276.71,1.1896,892,736258,1017465
CAMP_0133,Travel,Travel,Instagram,Influencer Reel Collaboration,491.44,514.07,1584.6,2.0825,23,5391,5195
CAMP_0134,Fashion,Fashion,Instagram,Influencer Reel Collaboration,35521.29,37225.5,72536.19,0.9486,1439,10670049,10640601
CAMP_0135,Food,Food,TikTok,Influencer Reel Collaboration,85351.3,80058.82,189338.07,1.365,2590,11244569,13360555
CAMP_0136,Fitness,Fitness,TikTok,Influencer Sponsored Post,4052.47,3964.98,17462.88,3.4043,328,47755,65984
CAMP_0137,Fitness,Fitness,Instagram,Influencer Reel Collaboration,18957.08,17571.76,48147.0,1.74,604,545050,579082
CAMP_0138,Fitness,Fitness,Instagram,Influencer Sponsored Post,14749.41,13849.5,42460.33,2.0658,1566,939822,1355389
CAMP_0139,Food,Food,Instagram,Influencer Reel Collaboration,1021.0,941.84,3366.93,2.5748,43,22384,27447
CAMP_0140,Food,Food,Instagram,Influencer Brand Ambassador,297.48,289.92,1214.81,3.1902,17,5406,6054
CAMP_0141,Fitness,Fitness,YouTube,Influencer Sponsored Post,3300.19,3097.77,9909.27,2.1988,259,106181,115906
CAMP_0142,Lifestyle,Lifestyle,Instagram,Influencer Brand Ambassador,620.85,634.65,2581.34,3.0673,48,9812,7989
CAMP_0143,Food,Food,Instagram,Influencer Reel Collaboration,40292.02,38939.1,103952.53,1.6696,1700,1372499,1197594
CAMP_0144,Travel,Travel,Instagram,Influencer Story Campaign,636.81,654.61,2486.0,2.7977,39,4368,6493
CAMP_0145,Food,Food,Instagram,Influencer Story Campaign,820.95,759.22,3172.41,3.1785,43,8998,9186
CAMP_0146,Tech,Tech,TikTok,Influencer Reel Collaboration,63442.46,58669.09,198584.09,2.3848,3278,5349899,5351384
CAMP_0147,Fitness,Fitness,Instagram,Influencer Brand Ambassador,494.42,502.64,2297.54,3.5709,29,8053,9239
CAMP_0148,Food,Food,Instagram,Influencer Brand Ambassador,15906.22,15524.14,40618.84,1.6165,509,192760,178557
CAMP_0149,Tech,Tech,Instagram,Influencer Sponsored Post,728.74,712.69,3168.03,3.4452,64,6521,7257
CAMP_0150,Lifestyle,Lifestyle,Instagram,Influencer Reel Collaboration,4920.11,4574.5,14335.9,2.1339,238,19518,20578
CAMP_0151,Lifestyle,Lifestyle,Instagram,Influencer Sponsored Post,686.06,634.28,2862.29,3.5127,63,8679,9269
CAMP_0152,Travel,Travel,Instagram,Influencer Story Campaign,19232.35,18803.7,56981.62,2.0303,1949,500084,448268
CAMP_0153,Tech,Tech,YouTube,Influencer Brand Ambassador,1998.45,1845.31,7773.46,3.2125,103,26869,23710
CAMP_0154,Tech,Tech,YouTube,Influencer Story Campaign,42846.15,40533.45,126674.43,2.1252,3901,9340971,7956979
CAMP_0155,Fashion,Fashion,YouTube,Influencer Sponsored Post,19513.42,19646.49,55736.82,1.837,1360,445112,449549
CAMP_0156,Fashion,Fashion,Instagram,Influencer Brand Ambassador,1485.45,1519.57,4694.86,2.0896,123,38342,43932
CAMP_0157,Tech,Tech,TikTok,Influencer Brand Ambassador,4932.05,4929.85,21354.63,3.3317,267,29009,37804
CAMP_0158,Travel,Travel,YouTube,Influencer Reel Collaboration,6106.26,6127.66,17829.05,1.9096,358,442427,564570
CAMP_0159,Tech,Tech,Instagram,Influencer Story Campaign,6935.49,7201.76,24974.35,2.4678,747,637290,583286
CAMP_0160,Tech,Tech,Instagram,Influencer Brand Ambassador,61511.82,63355.41,171316.59,1.7041,4417,5865539,7299897
CAMP_0161,Travel,Travel,Instagram,Influencer Story Campaign,3457.71,3407.0,12962.8,2.8048,387,24245,30575
CAMP_0162,Lifestyle,Lifestyle,TikTok,Influencer Brand Ambassador,13454.27,13888.73,51880.59,2.7354,1760,975322,1427854
CAMP_0163,Travel,Travel,Instagram,Influencer Story Campaign,11248.8,10393.18,32667.88,2.1432,541,780030,788973
CAMP_0164,Fashion,Fashion,YouTube,Influencer Brand Ambassador,3754.45,3668.66,12022.2,2.277,232,32719,30848
CAMP_0165,Travel,Travel,Instagram,Influencer Brand Ambassador,9789.75,9446.11,19817.68,1.098,371,1012590,885336
CAMP_0166,Fashion,Fashion,YouTube,Influencer Sponsored Post,1991.68,1845.45,7552.04,3.0922,98,24689,34685
CAMP_0167,Food,Food,Instagram,Influencer Story Campaign,19006.27,18258.43,53561.53,1.9335,1004,866157,995328
CAMP_0168,Tech,Tech,YouTube,Influencer Sponsored Post,514.59,538.09,2137.99,2.9733,58,8991,9413
CAMP_0169,Fitness,Fitness,Instagram,Influencer Reel Collaboration,4371.4,4289.11,12484.97,1.9109,256,100148,141981
CAMP_0170,Lifestyle,Lifestyle,Instagram,Influencer Reel Collaboration,2602.33,2584.21,8271.28,2.2007,184,86747,86922
CAMP_0171,Food,Food,TikTok,Influencer Reel Collaboration,9195.81,9273.53,35124.81,2.7876,752,763516,1035654
CAMP_0172,Tech,Tech,TikTok,Influencer Brand Ambassador,7985.87,7763.71,31679.12,3.0804,1164,643853,532620
CAMP_0173,Lifestyle,Lifestyle,Instagram,Influencer Reel Collaboration,1595.76,1497.1,5626.14,2.758,120,79568,97991
CAMP_0174,Tech,Tech,TikTok,Influencer Brand Ambassador,3038.86,3075.74,11796.3,2.8353,284,76205,104478
CAMP_0175,Tech,Tech,Instagram,Influencer Sponsored Post,66696.17,61591.52,90181.55,0.4642,1325,11657239,15659325
CAMP_0176,Travel,Travel,Instagram,Influencer Sponsored Post,1682.05,1705.18,5911.72,2.4669,87,94447,100693
CAMP_0177,Lifestyle,Lifestyle,Instagram,Influencer Sponsored Post,3802.08,3507.27,11572.35,2.2995,183,37006,40235
CAMP_0178,Travel,Travel,YouTube,Influencer Sponsored Post,12780.25,12297.88,36248.06,1.9475,590,698132,815302
CAMP_0179,Tech,Tech,Instagram,Influencer Reel Collaboration,47386.16,47758.75,147247.11,2.0831,2127,7043949,6938666
CAMP_0180,Food,Food,Instagram,Influencer Story Campaign,2194.0,2238.43,6754.43,2.0175,105,51008,65451
CAMP_0181,Food,Food,Instagram,Influencer Reel Collaboration,4734.8,4524.34,18130.97,3.0074,395,106589,158403
CAMP_0182,Tech,Tech,Instagram,Influencer Brand Ambassador,964.25,930.53,4623.48,3.9687,93,2794,2736
CAMP_0183,Food,Food,Instagram,Influencer Story Campaign,9066.99,9162.21,30188.05,2.2948,527,699318,678143
CAMP_0184,Lifestyle,Lifestyle,TikTok,Influencer Story Campaign,1209.96,1165.12,4512.09,2.8726,88,66172,84490
CAMP_0185,Fashion,Fashion,Instagram,Influencer Story Campaign,4740.13,4655.13,18630.74,3.0022,436,74350,93095
CAMP_0186,Fitness,Fitness,TikTok,Influencer Story Campaign,3892.47,4043.19,19657.55,3.8619,567,16888,23939
CAMP_0187,Fashion,Fashion,Instagram,Influencer Reel Collaboration,7794.67,8146.03,30980.55,2.8031,1214,895386,1072290
CAMP_0188,Fitness,Fitness,Instagram,Influencer Brand Ambassador,3565.25,3508.95,11745.64,2.3473,153,80723,112668
CAMP_0189,Food,Food,Instagram,Influencer Story Campaign,9960.26,9757.66,28071.02,1.8768,428,876634,1186556
CAMP_0190,Travel,Travel,Instagram,Influencer Story Campaign,3554.9,3652.69,13034.88,2.5686,244,65148,56073
CAMP_0191,Lifestyle,Lifestyle,Instagram,Influencer Story Campaign,58196.33,53592.3,103735.72,0.9356,2613,5261539,5423266
CAMP_0192,Travel,Travel,TikTok,Influencer Sponsored Post,2438.21,2262.84,8162.22,2.6071,259,42972,43606
CAMP_0193,Food,Food,TikTok,Influencer Brand Ambassador,14580.67,13973.46,37058.94,1.6521,1145,1096327,994620
CAMP_0194,Lifestyle,Lifestyle,TikTok,Influencer Brand Ambassador,3196.94,3255.94,10390.52,2.1913,150,73712,101569
CAMP_0195,Fashion,Fashion,TikTok,Influencer Sponsored Post,3112.69,2895.28,10110.91,2.4922,183,59419,68560
CAMP_0196,Travel,Travel,TikTok,Influencer Story Campaign,883.59,826.25,2971.99,2.597,81,8739,10558
CAMP_0197,Fitness,Fitness,TikTok,Influencer Reel Collaboration,11801.48,11494.7,29198.01,1.5401,470,648179,658367
CAMP_0198,Fitness,Fitness,YouTube,Influencer Brand Ambassador,16187.07,15045.78,42805.17,1.845,886,716403,924352
CAMP_0199,Travel,Travel,Instagram,Influencer Sponsored Post,57765.7,56214.85,130766.23,1.3262,1659,5916582,7408250
CAMP_0200,Food,Food,Instagram,Influencer Reel Collaboration,4668.46,4522.96,12477.36,1.7587,199,61479,77663
CAMP_0201,Travel,Travel,Instagram,Influencer Brand Ambassador,994.28,983.09,3554.56,2.6157,141,7939,6477
CAMP_0202,Tech,Tech,YouTube,Influencer Reel Collaboration,4293.44,4207.06,15497.42,2.6837,462,44441,41416
CAMP_0203,Lifestyle,Lifestyle,Instagram,Influencer Sponsored Post,11288.61,11759.47,35936.97,2.056,1252,913265,1110311
CAMP_0204,Food,Food,TikTok,Influencer Sponsored Post,235.39,223.73,833.53,2.7256,22,8691,12207
CAMP_0205,Fitness,Fitness,Instagram,Influencer Brand Ambassador,933.12,897.16,3293.37,2.6709,77,10938,11060
CAMP_0206,Fashion,Fashion,TikTok,Influencer Story Campaign,2100.62,2191.59,7126.88,2.2519,97,84970,122195
CAMP_0207,Lifestyle,Lifestyle,YouTube,Influencer Reel Collaboration,475.53,486.07,1752.06,2.6045,52,7744,8235
CAMP_0208,Travel,Travel,YouTube,Influencer Story Campaign,9511.05,8928.65,27983.19,2.1341,554,851948,715923
CAMP_0209,Food,Food,YouTube,Influencer Story Campaign,2019.98,2028.2,8701.15,3.2901,289,55288,72272
CAMP_0210,Fashion,Fashion,Instagram,Influencer Brand Ambassador,3419.88,3534.69,11419.04,2.2306,323,17183,22908
CAMP_0211,Lifestyle,Lifestyle,TikTok,Influencer Story Campaign,4477.9,4296.16,15728.62,2.6611,443,55642,73393
CAMP_0212,Lifestyle,Lifestyle,YouTube,Influencer Story Campaign,15556.53,16162.71,42540.01,1.632,768,525898,706207
CAMP_0213,Food,Food,YouTube,Influencer Brand Ambassador,2438.58,2391.22,8978.37,2.7547,134,77179,79043
CAMP_0214,Fashion,Fashion,Instagram,Influencer Brand Ambassador,3250.1,3303.28,9773.92,1.9589,377,41002,48682
CAMP_0215,Travel,Travel,TikTok,Influencer Reel Collaboration,1784.77,1730.12,6132.82,2.5447,100,42149,53925
CAMP_0216,Tech,Tech,YouTube,Influencer Reel Collaboration,3931.09,3703.1,13115.12,2.5417,202,58160,66408
CAMP_0217,Travel,Travel,Instagram,Influencer Sponsored Post,6114.96,6156.96,16942.42,1.7518,237,967730,930959
CAMP_0218,Lifestyle,Lifestyle,Instagram,Influencer Sponsored Post,564.81,564.99,1885.85,2.3378,30,2490,3066
CAMP_0219,Food,Food,YouTube,Influencer Sponsored Post,641.31,591.4,2272.81,2.8431,55,1694,1950
CAMP_0220,Lifestyle,Lifestyle,YouTube,Influencer Story Campaign,277.05,263.56,856.84,2.251,14,3939,3847
CAMP_0221,Tech,Tech,Instagram,Influencer Reel Collaboration,967.44,961.1,4633.84,3.8214,73,9020,12569
CAMP_0222,Lifestyle,Lifestyle,Instagram,Influencer Sponsored Post,2508.68,2326.29,7863.45,2.3803,308,74390,68436
CAMP_0223,Food,Food,YouTube,Influencer Brand Ambassador,4431.84,4592.82,17471.56,2.8041,234,24499,31471
CAMP_0224,Travel,Travel,YouTube,Influencer Brand Ambassador,259.48,269.06,942.2,2.5018,16,6093,5014
CAMP_0225,Tech,Tech,Instagram,Influencer Story Campaign,4009.02,4116.13,17873.26,3.3422,319,105416,126149
CAMP_0226,Food,Food,TikTok,Influencer Brand Ambassador,3958.98,4014.96,13474.15,2.356,256,102349,151683
CAMP_0227,Fitness,Fitness,Instagram,Influencer Reel Collaboration,260.81,266.02,1238.14,3.6543,18,11415,9368
CAMP_0228,Tech,Tech,YouTube,Influencer Reel Collaboration,642.43,627.1,2742.56,3.3734,43,7650,9657
CAMP_0229,Fitness,Fitness,TikTok,Influencer Brand Ambassador,15696.63,14987.71,37406.36,1.4958,1117,196023,210280
CAMP_0230,Tech,Tech,Instagram,Influencer Sponsored Post,446.61,455.08,2293.24,4.0392,74,7396,6368
CAMP_0231,Food,Food,YouTube,Influencer Reel Collaboration,271.7,253.25,915.43,2.6147,19,10580,10625
CAMP_0232,Food,Food,Instagram,Influencer Story Campaign,1678.33,1581.05,5201.21,2.2897,130,61903,61153
CAMP_0233,Fashion,Fashion,Instagram,Influencer Story Campaign,2684.41,2742.79,8077.38,1.945,124,75469,86567
CAMP_0234,Travel,Travel,Instagram,Influencer Reel Collaboration,443.73,427.4,1918.25,3.4882,32,7983,10879
CAMP_0235,Tech,Tech,YouTube,Influencer Brand Ambassador,4294.14,4494.46,19144.54,3.2596,248,97332,91550
CAMP_0236,Tech,Tech,Instagram,Influencer Reel Collaboration,43315.85,42615.47,124593.61,1.9237,2198,11718341,11363240
CAMP_0237,Food,Food,Instagram,Influencer Reel Collaboration,4728.27,4714.04,13514.58,1.8669,244,38188,56025
CAMP_0238,Food,Food,Instagram,Influencer Reel Collaboration,17469.23,17931.56,48369.45,1.6974,703,182518,198287
CAMP_0239,Food,Food,Instagram,Influencer Brand Ambassador,726.93,743.34,3843.39,4.1704,74,8432,9111
CAMP_0240,Travel,Travel,YouTube,Influencer Sponsored Post,10392.94,10658.98,35461.26,2.3269,615,1049001,1510646
CAMP_0241,Fitness,Fitness,Instagram,Influencer Brand Ambassador,690.14,723.18,2907.15,3.02,43,10727,15833
CAMP_0242,Food,Food,Instagram,Influencer Sponsored Post,377.6,374.78,1323.66,2.5318,21,9999,9546
CAMP_0243,Tech,Tech,YouTube,Influencer Reel Collaboration,13828.85,12993.54,48942.39,2.7667,1186,634776,916859
CAMP_0244,Fitness,Fitness,Instagram,Influencer Story Campaign,2372.27,2343.2,8792.96,2.7525,199,39114,33964
CAMP_0245,Lifestyle,Lifestyle,YouTube,Influencer Brand Ambassador,235.75,217.58,800.79,2.6804,11,3385,4911
CAMP_0246,Lifestyle,Lifestyle,Instagram,Influencer Story Campaign,2323.96,2427.61,8692.26,2.5806,230,67885,73555
CAMP_0247,Fashion,Fashion,Instagram,Influencer Reel Collaboration,3949.55,3864.42,13918.08,2.6016,378,37863,37667
CAMP_0248,Lifestyle,Lifestyle,Instagram,Influencer Sponsored Post,13053.34,12562.25,35402.98,1.8182,705,493561,485489
CAMP_0249,Food,Food,TikTok,Influencer Brand Ambassador,3445.23,3220.77,10378.32,2.2223,300,88939,113087
CAMP_0250,Tech,Tech,TikTok,Influencer Sponsored Post,9697.79,9306.96,33962.66,2.6492,968,360161,462952
CAMP_0251,Travel,Travel,YouTube,Influencer Reel Collaboration,3299.22,3114.95,8796.69,1.824,145,67448,101167
CAMP_0252,Travel,Travel,Instagram,Influencer Reel Collaboration,1748.39,1749.3,4827.19,1.7595,66,71113,104272
CAMP_0253,Food,Food,Instagram,Influencer Story Campaign,19457.44,19552.76,47894.61,1.4495,747,639990,710834
CAMP_0254,Fashion,Fashion,Instagram,Influencer Sponsored Post,8307.94,7940.15,25908.06,2.2629,474,144283,132415
CAMP_0255,Food,Food,TikTok,Influencer Reel Collaboration,1452.84,1387.21,3039.09,1.1908,55,26969,35862
CAMP_0256,Lifestyle,Lifestyle,YouTube,Influencer Story Campaign,28193.32,27029.0,52190.92,0.9309,652,5252891,5855989
CAMP_0257,Tech,Tech,Instagram,Influencer Reel Collaboration,6760.79,6428.18,22325.33,2.473,504,961327,1247348
CAMP_0258,Lifestyle,Lifestyle,YouTube,Influencer Story Campaign,4139.4,4241.67,12062.67,1.8438,214,39124,45876
CAMP_0259,Travel,Travel,TikTok,Influencer Story Campaign,3816.22,3795.06,14409.41,2.7969,193,49923,68425
CAMP_0260,Fashion,Fashion,YouTube,Influencer Sponsored Post,89363.81,90363.38,205180.92,1.2706,6352,3228830,2913600
CAMP_0261,Tech,Tech,Instagram,Influencer Reel Collaboration,3309.7,3315.05,12841.73,2.8738,186,47221,63192
CAMP_0262,Food,Food,TikTok,Influencer Brand Ambassador,18159.76,18950.31,57153.37,2.016,1329,586782,470441
CAMP_0263,Lifestyle,Lifestyle,Instagram,Influencer Reel Collaboration,3789.16,3877.97,9517.74,1.4543,135,20300,23269
CAMP_0264,Tech,Tech,Instagram,Influencer Brand Ambassador,1522.38,1556.6,7328.53,3.708,98,75614,100837
CAMP_0265,Fitness,Fitness,Instagram,Influencer Reel Collaboration,943.55,922.19,4936.68,4.3532,136,4088,5240
CAMP_0266,Fashion,Fashion,Instagram,Influencer Story Campaign,18148.93,18241.42,54447.22,1.9848,1404,207874,220406
CAMP_0267,Lifestyle,Lifestyle,Instagram,Influencer Sponsored Post,2222.04,2262.44,7290.35,2.2223,241,103677,98430
CAMP_0268,Fitness,Fitness,Instagram,Influencer Story Campaign,2780.27,2809.26,10800.63,2.8447,154,13056,19475
CAMP_0269,Food,Food,Instagram,Influencer Reel Collaboration,506.46,472.74,1741.8,2.6845,37,3178,4351
CAMP_0270,Fashion,Fashion,Instagram,Influencer Sponsored Post,1033.9,973.25,3815.72,2.9206,86,97199,92255
CAMP_0271,Lifestyle,Lifestyle,Instagram,Influencer Reel Collaboration,2769.54,2579.19,10334.94,3.007,179,40474,43259
CAMP_0272,Food,Food,Instagram,Influencer Story Campaign,715.7,709.93,3112.16,3.3838,53,5565,6818
CAMP_0273,Lifestyle,Lifestyle,Instagram,Influencer Brand Ambassador,685.54,697.34,2620.22,2.7574,35,4590,6739
CAMP_0274,Food,Food,YouTube,Influencer Sponsored Post,710.47,702.43,2869.16,3.0846,36,2663,3970
CAMP_0275,Tech,Tech,Instagram,Influencer Reel Collaboration,13525.71,13404.33,46739.17,2.4869,589,493162,419727
CAMP_0276,Travel,Travel,Instagram,Influencer Sponsored Post,1159.31,1209.54,4510.63,2.7292,96,19925,19935
CAMP_0277,Lifestyle,Lifestyle,TikTok,Influencer Reel Collaboration,2609.11,2582.38,8081.42,2.1294,192,95956,111108
CAMP_0278,Fashion,Fashion,Instagram,Influencer Brand Ambassador,3537.18,3567.38,12123.0,2.3983,423,97175,125265
CAMP_0279,Lifestyle,Lifestyle,Instagram,Influencer Sponsored Post,939.7,919.91,3219.61,2.4999,48,3400,4482
CAMP_0280,Fitness,Fitness,Instagram,Influencer Story Campaign,7457.49,7367.93,20817.6,1.8254,305,473546,617757
CAMP_0281,Fashion,Fashion,Instagram,Influencer Story Campaign,18101.9,18739.7,56120.66,1.9947,808,878538,870092
CAMP_0282,Fitness,Fitness,Instagram,Influencer Sponsored Post,3043.13,2997.33,10943.68,2.6511,194,19266,20371
CAMP_0283,Tech,Tech,Instagram,Influencer Sponsored Post,607.06,626.26,2904.38,3.6377,64,2221,3207
CAMP_0284,Fashion,Fashion,Instagram,Influencer Reel Collaboration,398.61,380.78,1557.64,3.0907,53,6741,7151
CAMP_0285,Travel,Travel,Instagram,Influencer Story Campaign,612.62,639.59,2633.13,3.1169,64,2252,3133
CAMP_0286,Tech,Tech,Instagram,Influencer Reel Collaboration,360.54,368.47,1735.96,3.7113,26,10737,10412
CAMP_0287,Tech,Tech,TikTok,Influencer Reel Collaboration,82070.88,83618.96,219630.08,1.6266,4618,10269742,9890772
CAMP_0288,Tech,Tech,Instagram,Influencer Brand Ambassador,725.84,677.58,3083.59,3.5509,56,6538,6320
CAMP_0289,Food,Food,Instagram,Influencer Story Campaign,6395.4,6076.21,19154.19,2.1523,257,1076026,1206139
CAMP_0290,Lifestyle,Lifestyle,Instagram,Influencer Sponsored Post,3548.86,3299.47,9953.24,2.0166,177,63688,70342
CAMP_0291,Fashion,Fashion,Instagram,Influencer Brand Ambassador,2260.04,2285.11,8235.11,2.6038,206,63505,54124
CAMP_0292,Fashion,Fashion,Instagram,Influencer Sponsored Post,331.5,318.51,1174.64,2.6879,37,9135,9599
CAMP_0293,Fashion,Fashion,YouTube,Influencer Brand Ambassador,4409.93,4147.5,13731.1,2.3107,216,23851,19754
CAMP_0294,Tech,Tech,Instagram,Influencer Sponsored Post,19526.0,19267.28,47685.82,1.475,766,525492,516094
CAMP_0295,Fashion,Fashion,Instagram,Influencer Reel Collaboration,13339.31,12705.44,27834.0,1.1907,851,686843,555223
CAMP_0296,Fashion,Fashion,Instagram,Influencer Story Campaign,10583.6,11026.89,34976.06,2.1719,1180,770914,933024
CAMP_0297,Fitness,Fitness,Instagram,Influencer Sponsored Post,716.79,668.02,3132.88,3.6898,98,3610,5269
CAMP_0298,Fitness,Fitness,Instagram,Influencer Reel Collaboration,10924.98,10594.55,25422.01,1.3995,524,140914,147644
CAMP_0299,Fashion,Fashion,Instagram,Influencer Brand Ambassador,1594.53,1595.32,5822.86,2.65,122,92492,109647
CAMP_0300,Fitness,Fitness,Instagram,Influencer Brand Ambassador,2676.94,2770.65,11459.98,3.1362,212,96233,119475
CAMP_0301,Travel,Travel,Instagram,Influencer Reel Collaboration,10386.68,10610.89,25320.44,1.3863,593,680968,673685
CAMP_0302,Fitness,Fitness,Instagram,Influencer Story Campaign,848.55,787.13,3701.58,3.7026,46,6102,7143
CAMP_0303,Travel,Travel,Instagram,Influencer Story Campaign,725.49,717.79,2762.38,2.8485,41,5866,8584
CAMP_0304,Travel,Travel,YouTube,Influencer Brand Ambassador,99323.35,93651.3,142726.18,0.524,2478,4014404,5477040
CAMP_0305,Lifestyle,Lifestyle,Instagram,Influencer Sponsored Post,10275.23,10206.07,25841.05,1.5319,325,705225,999401
CAMP_0306,Food,Food,TikTok,Influencer Brand Ambassador,230.37,218.91,837.93,2.8277,22,2420,2827
CAMP_0307,Fitness,Fitness,Instagram,Influencer Story Campaign,10111.39,10510.2,34601.46,2.2922,1320,296080,358442
CAMP_0308,Fashion,Fashion,Instagram,Influencer Brand Ambassador,49887.26,49696.8,104357.78,1.0999,2398,7736992,7936778
CAMP_0309,Fashion,Fashion,YouTube,Influencer Reel Collaboration,1696.81,1714.05,7462.3,3.3536,200,85659,103841
CAMP_0310,Fashion,Fashion,YouTube,Influencer Brand Ambassador,9417.76,9556.65,25209.05,1.6379,326,296340,433868
CAMP_0311,Food,Food,TikTok,Influencer Sponsored Post,454.57,431.26,1281.36,1.9712,39,11516,15221
CAMP_0312,Fashion,Fashion,Instagram,Influencer Brand Ambassador,908.26,932.62,3410.39,2.6568,55,2953,3869
CAMP_0313,Tech,Tech,YouTube,Influencer Sponsored Post,1998.16,1929.35,8036.92,3.1656,290,20885,23114
CAMP_0314,Food,Food,Instagram,Influencer Reel Collaboration,2514.85,2436.37,6872.79,1.8209,97,83568,112993
CAMP_0315,Travel,Travel,Instagram,Influencer Story Campaign,4196.78,4021.93,11327.63,1.8165,389,16379,15053
CAMP_0316,Food,Food,Instagram,Influencer Sponsored Post,4592.5,4426.86,20036.11,3.526,253,24203,34495
CAMP_0317,Lifestyle,Lifestyle,Instagram,Influencer Reel Collaboration,33199.78,31221.85,79476.68,1.5455,2241,8384673,10799774
CAMP_0318,Lifestyle,Lifestyle,TikTok,Influencer Brand Ambassador,9461.01,8765.18,26132.35,1.9814,462,210575,292256
CAMP_0319,Fashion,Fashion,Instagram,Influencer Brand Ambassador,270.1,269.57,1108.46,3.112,32,11741,11791
CAMP_0320,Fitness,Fitness,YouTube,Influencer Sponsored Post,2589.87,2683.97,10353.86,2.8577,261,76106,95079
CAMP_0321,Food,Food,Instagram,Influencer Brand Ambassador,10541.02,9758.88,25012.5,1.5631,352,577429,690011
CAMP_0322,Fashion,Fashion,Instagram,Influencer Sponsored Post,17122.7,17913.63,55712.57,2.1101,970,544096,646125
CAMP_0323,Food,Food,TikTok,Influencer Reel Collaboration,74965.43,74549.59,178856.57,1.3992,3828,9066231,12672395
CAMP_0324,Fitness,Fitness,TikTok,Influencer Story Campaign,805.75,840.7,3865.25,3.5977,113,4332,4108
CAMP_0325,Fashion,Fashion,Instagram,Influencer Sponsored Post,4953.12,4686.89,17585.64,2.7521,304,69067,70712
CAMP_0326,Lifestyle,Lifestyle,Instagram,Influencer Sponsored Post,2589.42,2670.63,8469.71,2.1714,158,54746,78944
CAMP_0327,Fitness,Fitness,TikTok,Influencer Reel Collaboration,319.71,318.57,1362.24,3.2761,17,10783,12873
CAMP_0328,Fitness,Fitness,Instagram,Influencer Brand Ambassador,8962.05,8810.82,17666.92,1.0051,302,796594,658166
CAMP_0329,Tech,Tech,YouTube,Influencer Story Campaign,3723.25,3444.16,14846.0,3.3105,389,64654,85474
CAMP_0330,Tech,Tech,Instagram,Influencer Sponsored Post,4174.61,3992.79,14939.99,2.7417,287,52756,67914
CAMP_0331,Fitness,Fitness,Instagram,Influencer Story Campaign,3974.89,3796.12,12141.86,2.1985,343,54056,51243
CAMP_0332,Food,Food,YouTube,Influencer Brand Ambassador,12729.05,11819.31,37983.58,2.2137,593,276694,299485
CAMP_0333,Travel,Travel,TikTok,Influencer Sponsored Post,900.14,926.07,3390.89,2.6616,44,4788,6192
CAMP_0334,Tech,Tech,Instagram,Influencer Reel Collaboration,3541.64,3571.93,16062.57,3.4969,419,28236,32249
CAMP_0335,Food,Food,Instagram,Influencer Reel Collaboration,2399.04,2468.36,8574.74,2.4739,286,33432,27388
CAMP_0336,Fitness,Fitness,Instagram,Influencer Story Campaign,14710.7,13929.19,54562.14,2.9171,896,820614,951335
CAMP_0337,Lifestyle,Lifestyle,Instagram,Influencer Reel Collaboration,71789.72,73520.74,176529.66,1.4011,2296,11185488,14529035
CAMP_0338,Lifestyle,Lifestyle,Instagram,Influencer Reel Collaboration,17773.79,16934.15,57708.14,2.4078,1138,591294,753330
CAMP_0339,Travel,Travel,YouTube,Influencer Sponsored Post,999.54,992.53,3329.97,2.355,53,7631,8678
CAMP_0340,Tech,Tech,Instagram,Influencer Brand Ambassador,8917.2,9307.63,28352.58,2.0462,466,855635,797325
CAMP_0341,Travel,Travel,Instagram,Influencer Sponsored Post,17035.46,16567.54,43164.73,1.6054,1635,739180,848697
CAMP_0342,Tech,Tech,Instagram,Influencer Reel Collaboration,3946.93,3994.49,16872.09,3.2238,298,88418,82488
CAMP_0343,Lifestyle,Lifestyle,Instagram,Influencer Reel Collaboration,73749.48,70727.62,185126.22,1.6175,3323,9611330,9665622
CAMP_0344,Food,Food,Instagram,Influencer Brand Ambassador,13385.47,12633.19,43803.44,2.4673,702,1066956,1104238
CAMP_0345,Fitness,Fitness,Instagram,Influencer Brand Ambassador,897.15,917.29,3714.13,3.049,90,8389,11709
CAMP_0346,Food,Food,Instagram,Influencer Sponsored Post,1778.18,1836.46,7024.45,2.825,152,27704,27949
CAMP_0347,Fitness,Fitness,Instagram,Influencer Story Campaign,47413.59,49123.79,134811.84,1.7443,1861,10653006,9867344
CAMP_0348,Fitness,Fitness,YouTube,Influencer Brand Ambassador,1707.3,1583.59,5921.1,2.739,118,95165,90080
CAMP_0349,Fashion,Fashion,TikTok,Influencer Story Campaign,4054.28,3798.14,12169.46,2.2041,250,23539,26697
CAMP_0350,Fitness,Fitness,Instagram,Influencer Story Campaign,19251.03,18517.33,60419.36,2.2629,853,1045336,975720
CAMP_0351,Lifestyle,Lifestyle,Instagram,Influencer Story Campaign,901.59,844.57,2832.43,2.3537,82,6613,9104
CAMP_0352,Tech,Tech,Instagram,Influencer Reel Collaboration,13945.55,13616.11,49709.02,2.6508,791,464245,414873
CAMP_0353,Food,Food,Instagram,Influencer Story Campaign,925.52,853.78,3542.6,3.1493,96,8109,6611
CAMP_0354,Travel,Travel,Instagram,Influencer Sponsored Post,3602.16,3489.68,15933.93,3.566,264,16897,22639
CAMP_0355,Travel,Travel,Instagram,Influencer Sponsored Post,14803.51,13712.06,42155.07,2.0743,1325,130700,127683
CAMP_0356,Lifestyle,Lifestyle,Instagram,Influencer Story Campaign,14454.67,14089.16,44020.26,2.1244,1440,425743,495657
CAMP_0357,Travel,Travel,TikTok,Influencer Story Campaign,4594.49,4656.24,16033.99,2.4435,519,79054,74235
CAMP_0358,Fashion,Fashion,Instagram,Influencer Story Campaign,2639.02,2441.42,9251.17,2.7893,176,33020,31216
CAMP_0359,Food,Food,Instagram,Influencer Story Campaign,737.31,758.38,2893.53,2.8154,96,3309,3832
CAMP_0360,Lifestyle,Lifestyle,Instagram,Influencer Brand Ambassador,2827.0,2697.91,8570.28,2.1766,308,50800,69556
CAMP_0361,Fitness,Fitness,Instagram,Influencer Brand Ambassador,9690.61,9061.37,32911.37,2.6321,1289,884415,793210
CAMP_0362,Lifestyle,Lifestyle,Instagram,Influencer Brand Ambassador,2750.86,2626.74,6931.97,1.639,106,93501,99189
CAMP_0363,Tech,Tech,Instagram,Influencer Sponsored Post,4849.24,4988.13,19008.51,2.8107,394,47629,67646
CAMP_0364,Fashion,Fashion,Instagram,Influencer Story Campaign,5879.7,6054.71,15154.11,1.5029,493,1098248,1579125
CAMP_0365,Food,Food,TikTok,Influencer Reel Collaboration,503.8,503.54,2287.13,3.5421,35,7375,10503
CAMP_0366,Food,Food,YouTube,Influencer Sponsored Post,11610.32,11076.36,24209.76,1.1857,572,176412,228135
CAMP_0367,Lifestyle,Lifestyle,TikTok,Influencer Story Campaign,73587.55,72666.45,149962.17,1.0637,3072,6775742,8867117
CAMP_0368,Food,Food,Instagram,Influencer Reel Collaboration,861.15,798.37,2684.06,2.3619,44,11541,10500
CAMP_0369,Food,Food,YouTube,Influencer Story Campaign,593.32,571.38,2197.42,2.8458,39,5446,5800
CAMP_0370,Fashion,Fashion,Instagram,Influencer Reel Collaboration,3292.14,3395.37,14147.79,3.1668,285,23536,20784
CAMP_0371,Food,Food,Instagram,Influencer Sponsored Post,1143.33,1051.89,4244.85,3.0355,71,83971,85080
CAMP_0372,Travel,Travel,TikTok,Influencer Story Campaign,11843.12,11455.07,34837.11,2.0412,1244,467411,446864
CAMP_0373,Food,Food,Instagram,Influencer Reel Collaboration,10449.42,9768.36,28412.73,1.9086,649,584514,807166
CAMP_0374,Tech,Tech,TikTok,Influencer Brand Ambassador,5686.67,5595.77,16406.24,1.9319,233,282129,372341
CAMP_0375,Food,Food,Instagram,Influencer Brand Ambassador,1750.17,1659.21,6059.63,2.6521,139,63497,84451
CAMP_0376,Fitness,Fitness,TikTok,Influencer Sponsored Post,11757.57,11717.72,32913.84,1.8089,624,800441,1180409
CAMP_0377,Fitness,Fitness,TikTok,Influencer Sponsored Post,2731.24,2684.21,7373.71,1.7471,212,88692,106872
CAMP_0378,Lifestyle,Lifestyle,Instagram,Influencer Sponsored Post,3402.18,3352.97,11222.11,2.3469,243,54184,80498
CAMP_0379,Lifestyle,Lifestyle,Instagram,Influencer Brand Ambassador,2371.44,2321.33,8613.52,2.7106,135,50557,66932
CAMP_0380,Tech,Tech,TikTok,Influencer Brand Ambassador,19032.68,18047.83,64884.15,2.5951,1775,773311,1005357
CAMP_0381,Lifestyle,Lifestyle,Instagram,Influencer Story Campaign,72006.91,70963.25,153557.75,1.1639,4898,4083202,4273342
CAMP_0382,Food,Food,TikTok,Influencer Reel Collaboration,18407.99,17619.59,44349.37,1.517,619,669837,914872
CAMP_0383,Travel,Travel,Instagram,Influencer Sponsored Post,1212.26,1146.78,3761.79,2.2803,92,19419,18941
CAMP_0384,Fitness,Fitness,Instagram,Influencer Story Campaign,5484.6,5368.53,15050.25,1.8034,255,963568,1226495
CAMP_0385,Travel,Travel,Instagram,Influencer Reel Collaboration,827.45,835.79,3411.78,3.0821,71,6212,8396
CAMP_0386,Lifestyle,Lifestyle,Instagram,Influencer Sponsored Post,401.07,414.29,1627.47,2.9283,22,11667,12952
CAMP_0387,Fashion,Fashion,Instagram,Influencer Story Campaign,19464.35,19042.87,60100.84,2.1561,771,418467,550098
CAMP_0388,Fitness,Fitness,YouTube,Influencer Sponsored Post,3226.39,3035.78,11358.76,2.7416,158,29048,23353
CAMP_0389,Food,Food,Instagram,Influencer Sponsored Post,458.1,467.53,1556.38,2.3289,37,2333,3156
CAMP_0390,Travel,Travel,Instagram,Influencer Sponsored Post,9767.89,10201.67,21384.0,1.0961,398,340646,460001
CAMP_0391,Fashion,Fashion,YouTube,Influencer Reel Collaboration,376.96,379.31,1478.19,2.897,19,4995,6157
CAMP_0392,Food,Food,TikTok,Influencer Sponsored Post,476.81,494.73,2111.28,3.2675,35,5437,6713
CAMP_0393,Fitness,Fitness,Instagram,Influencer Reel Collaboration,95599.01,91139.96,225900.82,1.4786,4228,7573923,10144103
CAMP_0394,Travel,Travel,TikTok,Influencer Reel Collaboration,2185.74,2065.58,6569.96,2.1807,123,97397,142564
CAMP_0395,Fashion,Fashion,TikTok,Influencer Sponsored Post,1843.13,1881.04,7434.95,2.9526,242,94511,111185
CAMP_0396,Lifestyle,Lifestyle,YouTube,Influencer Sponsored Post,7306.32,7402.71,18101.34,1.4452,668,591532,503555
CAMP_0397,Fashion,Fashion,Instagram,Influencer Sponsored Post,1910.58,1858.98,5954.85,2.2033,140,45901,49235
CAMP_0398,Fitness,Fitness,TikTok,Influencer Sponsored Post,3473.4,3459.95,13488.58,2.8985,212,109773,93396
CAMP_0399,Travel,Travel,Instagram,Influencer Brand Ambassador,9520.26,9107.05,28278.19,2.1051,402,200707,164895
CAMP_0400,Fashion,Fashion,TikTok,Influencer Story Campaign,512.79,491.43,1908.69,2.884,31,10441,10531
CAMP_0401,Lifestyle,Lifestyle,Instagram,Influencer Sponsored Post,3220.28,2980.15,8927.79,1.9958,161,28152,24199
CAMP_0402,Fashion,Fashion,Instagram,Influencer Story Campaign,3583.73,3363.4,11574.37,2.4413,329,79181,97536
CAMP_0403,Tech,Tech,Instagram,Influencer Sponsored Post,839.73,865.49,5035.66,4.8183,99,2391,2832
CAMP_0404,Tech,Tech,Instagram,Influencer Brand Ambassador,780.47,814.58,3179.7,2.9035,71,9482,12041
CAMP_0405,Fashion,Fashion,Instagram,Influencer Brand Ambassador,4600.47,4523.01,15051.87,2.3278,238,53652,48645
CAMP_0406,Travel,Travel,Instagram,Influencer Brand Ambassador,33491.16,31883.68,89818.11,1.8171,2415,6354872,8374903
CAMP_0407,Food,Food,Instagram,Influencer Brand Ambassador,786.38,770.79,2849.94,2.6974,51,9363,8642
CAMP_0408,Travel,Travel,Instagram,Influencer Brand Ambassador,7100.03,6713.34,20193.6,2.008,309,674781,835806
CAMP_0409,Lifestyle,Lifestyle,Instagram,Influencer Sponsored Post,14474.4,14411.38,33184.88,1.3027,443,962117,1141182
CAMP_0410,Travel,Travel,TikTok,Influencer Reel Collaboration,7229.49,6861.0,20907.94,2.0474,309,521564,684948
CAMP_0411,Tech,Tech,Instagram,Influencer Reel Collaboration,1362.22,1342.17,4757.26,2.5445,68,59692,73410
CAMP_0412,Fashion,Fashion,TikTok,Influencer Story Campaign,1716.58,1726.41,4997.52,1.8947,63,86162,113315
CAMP_0413,Food,Food,Instagram,Influencer Sponsored Post,590.11,563.18,2256.69,3.007,42,2529,3424
CAMP_0414,Food,Food,YouTube,Influencer Reel Collaboration,5598.57,5386.55,19151.44,2.5554,300,790027,920350
CAMP_0415,Tech,Tech,Instagram,Influencer Story Campaign,2514.07,2526.47,10807.22,3.2776,236,89028,127761
CAMP_0416,Travel,Travel,YouTube,Influencer Brand Ambassador,10175.48,9999.18,22435.64,1.2437,385,941161,1083545
CAMP_0417,Fashion,Fashion,YouTube,Influencer Story Campaign,611.63,579.52,2459.95,3.2448,38,6100,5385
CAMP_0418,Fashion,Fashion,YouTube,Influencer Brand Ambassador,12222.75,12006.07,40504.83,2.3737,704,612073,766977
CAMP_0419,Food,Food,Instagram,Influencer Story Campaign,658.79,617.62,1850.35,1.9959,55,4139,3793
CAMP_0420,Fashion,Fashion,TikTok,Influencer Reel Collaboration,3254.42,3365.74,11998.35,2.5648,184,14440,19853
CAMP_0421,Fitness,Fitness,Instagram,Influencer Reel Collaboration,2885.65,2718.78,11024.73,3.055,160,75133,103256
CAMP_0422,Fashion,Fashion,TikTok,Influencer Brand Ambassador,748.47,746.64,2647.76,2.5462,91,8929,9507
CAMP_0423,Fashion,Fashion,Instagram,Influencer Sponsored Post,887.67,895.63,3908.38,3.3638,112,9763,13972
CAMP_0424,Travel,Travel,Instagram,Influencer Sponsored Post,727.51,720.31,2244.34,2.1158,89,11387,16584
CAMP_0425,Lifestyle,Lifestyle,YouTube,Influencer Reel Collaboration,1173.75,1145.3,4441.56,2.8781,66,81444,85138
CAMP_0426,Lifestyle,Lifestyle,TikTok,Influencer Sponsored Post,2018.07,2095.38,6716.13,2.2052,226,42475,51768
CAMP_0427,Travel,Travel,YouTube,Influencer Brand Ambassador,767.32,763.59,2825.22,2.6999,46,1616,2070
CAMP_0428,Tech,Tech,YouTube,Influencer Brand Ambassador,540.86,515.42,2338.19,3.5365,32,11090,12160
CAMP_0429,Tech,Tech,TikTok,Influencer Brand Ambassador,51796.33,50435.1,137880.96,1.7338,3039,4517412,5368663
CAMP_0430,Tech,Tech,Instagram,Influencer Brand Ambassador,10971.95,11313.72,31057.3,1.7451,506,254775,337187
CAMP_0431,Food,Food,Instagram,Influencer Sponsored Post,520.45,533.0,1825.25,2.4245,65,7044,7553
CAMP_0432,Lifestyle,Lifestyle,Instagram,Influencer Sponsored Post,12075.03,11792.46,27725.08,1.3511,971,739402,706305
CAMP_0433,Fitness,Fitness,TikTok,Influencer Sponsored Post,18960.27,18956.77,44861.81,1.3665,775,530106,775015
CAMP_0434,Fashion,Fashion,YouTube,Influencer Reel Collaboration,880.45,842.75,3359.72,2.9866,125,9989,12183
CAMP_0435,Travel,Travel,Instagram,Influencer Story Campaign,10396.1,9564.8,33938.43,2.5483,499,796837,834439
CAMP_0436,Food,Food,YouTube,Influencer Story Campaign,3947.7,4103.61,19677.5,3.7952,356,20993,27465
CAMP_0437,Travel,Travel,TikTok,Influencer Brand Ambassador,4262.06,4257.06,15470.91,2.6342,273,41661,40943
CAMP_0438,Food,Food,TikTok,Influencer Sponsored Post,3012.68,3142.56,14124.65,3.4946,204,56560,83126
CAMP_0439,Travel,Travel,TikTok,Influencer Brand Ambassador,19490.83,19156.99,52247.29,1.7273,772,700525,894651
CAMP_0440,Travel,Travel,Instagram,Influencer Reel Collaboration,254.04,259.76,1057.12,3.0696,28,11881,15336
CAMP_0441,Tech,Tech,YouTube,Influencer Brand Ambassador,1038.89,989.31,4512.95,3.5617,64,46517,39689
CAMP_0442,Fashion,Fashion,YouTube,Influencer Brand Ambassador,4577.27,4319.85,17329.31,3.0116,262,47268,68594
CAMP_0443,Fashion,Fashion,YouTube,Influencer Story Campaign,393.65,372.74,1557.96,3.1797,26,5848,5316
CAMP_0444,Fitness,Fitness,Instagram,Influencer Sponsored Post,14951.36,13768.13,46759.12,2.3962,648,753644,1108305
CAMP_0445,Food,Food,Instagram,Influencer Brand Ambassador,4941.45,5104.22,11352.52,1.2241,150,87303,86970
CAMP_0446,Fashion,Fashion,TikTok,Influencer Story Campaign,839.42,874.81,3634.79,3.1549,135,9336,9738
CAMP_0447,Lifestyle,Lifestyle,Instagram,Influencer Reel Collaboration,75859.57,72903.68,216735.99,1.9729,4725,8818703,7676888
CAMP_0448,Tech,Tech,TikTok,Influencer Brand Ambassador,410.28,402.6,1826.04,3.5356,31,5913,6244
CAMP_0449,Food,Food,YouTube,Influencer Story Campaign,4008.78,4133.3,14332.4,2.4675,444,59851,72008
CAMP_0450,Fashion,Fashion,Instagram,Influencer Brand Ambassador,13330.1,12923.73,42112.07,2.2585,1275,1007904,1483033
CAMP_0451,Fashion,Fashion,YouTube,Influencer Sponsored Post,599.68,592.01,2329.45,2.9348,56,11832,14121
CAMP_0452,Travel,Travel,Instagram,Influencer Reel Collaboration,330.67,339.2,978.27,1.8841,19,5030,6241
CAMP_0453,Food,Food,Instagram,Influencer Brand Ambassador,3241.4,3127.1,9894.72,2.1642,158,45779,56029
CAMP_0454,Travel,Travel,TikTok,Influencer Story Campaign,42768.7,43090.11,105800.16,1.4553,2041,6554109,8622378
CAMP_0455,Fitness,Fitness,YouTube,Influencer Brand Ambassador,4826.38,4842.19,20261.62,3.1844,345,33964,36794
CAMP_0456,Fitness,Fitness,Instagram,Influencer Story Campaign,2253.93,2158.99,7676.52,2.5556,193,97591,122110
CAMP_0457,Tech,Tech,YouTube,Influencer Brand Ambassador,12814.04,12478.55,41045.23,2.2893,631,582161,735511
CAMP_0458,Lifestyle,Lifestyle,Instagram,Influencer Story Campaign,282.41,294.21,1144.19,2.889,22,2545,2131
CAMP_0459,Food,Food,TikTok,Influencer Sponsored Post,694.48,698.04,2953.54,3.2312,76,2881,2877
CAMP_0460,Lifestyle,Lifestyle,Instagram,Influencer Story Campaign,1682.43,1692.96,5324.04,2.1448,73,16607,17066
CAMP_0461,Food,Food,YouTube,Influencer Brand Ambassador,1540.46,1525.22,4730.92,2.1018,71,103438,146272
CAMP_0462,Food,Food,TikTok,Influencer Brand Ambassador,58532.13,59972.72,125734.45,1.0965,2550,4910582,5185811
CAMP_0463,Tech,Tech,Instagram,Influencer Brand Ambassador,618.65,596.81,2651.58,3.4429,35,3733,5460
CAMP_0464,Food,Food,Instagram,Influencer Sponsored Post,16969.47,16121.98,46772.86,1.9012,1841,736003,781304
CAMP_0465,Food,Food,TikTok,Influencer Reel Collaboration,1653.08,1659.66,6091.44,2.6703,207,108615,134435
CAMP_0466,Travel,Travel,TikTok,Influencer Brand Ambassador,3971.71,3867.16,11601.85,2.0001,161,47235,43819
CAMP_0467,Tech,Tech,Instagram,Influencer Reel Collaboration,2088.54,2055.04,7991.99,2.889,102,93625,76350
CAMP_0468,Fitness,Fitness,Instagram,Influencer Brand Ambassador,550.73,523.34,2330.69,3.4535,70,1634,1871
CAMP_0469,Tech,Tech,YouTube,Influencer Brand Ambassador,12475.94,12229.9,41015.31,2.3537,574,499438,732251
CAMP_0470,Fitness,Fitness,Instagram,Influencer Reel Collaboration,576.12,597.11,2287.32,2.8307,59,4648,4959
CAMP_0471,Fitness,Fitness,Instagram,Influencer Story Campaign,4899.89,4977.75,21151.14,3.2491,313,44396,51712
CAMP_0472,Fashion,Fashion,YouTube,Influencer Reel Collaboration,9681.64,9106.74,28090.08,2.0845,431,448756,592944
CAMP_0473,Travel,Travel,TikTok,Influencer Sponsored Post,3554.08,3436.28,13441.54,2.9117,171,38047,36722
CAMP_0474,Food,Food,Instagram,Influencer Sponsored Post,420.88,408.87,1698.62,3.1544,44,3460,5114
CAMP_0475,Travel,Travel,YouTube,Influencer Story Campaign,1357.92,1337.54,4172.83,2.1198,53,32669,43505
CAMP_0476,Fitness,Fitness,Instagram,Influencer Brand Ambassador,3805.31,3563.13,12056.35,2.3836,318,26076,38779
CAMP_0477,Lifestyle,Lifestyle,Instagram,Influencer Reel Collaboration,5320.29,5142.39,17679.48,2.438,342,506119,559894
CAMP_0478,Tech,Tech,TikTok,Influencer Reel Collaboration,349.3,336.05,1754.59,4.2212,34,7196,10127
CAMP_0479,Travel,Travel,TikTok,Influencer Story Campaign,324.02,332.61,1058.27,2.1817,15,6344,7322
CAMP_0480,Lifestyle,Lifestyle,Instagram,Influencer Sponsored Post,2456.3,2336.05,7643.64,2.272,118,93290,117620
CAMP_0481,Travel,Travel,YouTube,Influencer Story Campaign,2990.2,2810.9,8951.31,2.1845,209,84281,73103
CAMP_0482,Lifestyle,Lifestyle,Instagram,Influencer Sponsored Post,6946.61,6419.12,20875.92,2.2521,675,1025923,958347
CAMP_0483,Fitness,Fitness,TikTok,Influencer Reel Collaboration,12887.32,12845.3,43324.8,2.3728,671,845381,684048
CAMP_0484,Fashion,Fashion,YouTube,Influencer Sponsored Post,3555.67,3529.15,13186.56,2.7365,172,59307,64713
CAMP_0485,Tech,Tech,Instagram,Influencer Brand Ambassador,3937.2,3662.11,15072.66,3.1158,493,51833,49848
CAMP_0486,Food,Food,Instagram,Influencer Story Campaign,1995.05,2081.19,8433.73,3.0524,151,93962,111880
CAMP_0487,Lifestyle,Lifestyle,Instagram,Influencer Brand Ambassador,15538.26,16078.48,47298.11,1.9417,1004,557820,578046
CAMP_0488,Fashion,Fashion,TikTok,Influencer Reel Collaboration,92198.8,96706.42,258781.05,1.6759,6038,10328833,10950666
CAMP_0489,Lifestyle,Lifestyle,YouTube,Influencer Brand Ambassador,3252.58,3150.96,8486.34,1.6933,189,40039,44710
CAMP_0490,Food,Food,Instagram,Influencer Sponsored Post,67661.03,63436.35,135385.37,1.1342,1830,9784044,7872223
CAMP_0491,Fashion,Fashion,Instagram,Influencer Brand Ambassador,857.55,891.41,3116.62,2.4963,55,6021,5214
CAMP_0492,Food,Food,Instagram,Influencer Story Campaign,493.67,470.21,1833.16,2.8986,46,11038,11150
CAMP_0493,Travel,Travel,YouTube,Influencer Story Campaign,15853.71,15579.91,27248.75,0.749,428,941420,1293191
CAMP_0494,Fitness,Fitness,TikTok,Influencer Brand Ambassador,846.67,787.57,3379.4,3.2909,120,7751,10383
CAMP_0495,Tech,Tech,YouTube,Influencer Reel Collaboration,29643.24,30153.05,97396.15,2.2301,1626,4903691,6093010
CAMP_0496,Fitness,Fitness,Instagram,Influencer Sponsored Post,3259.65,3211.77,9382.99,1.9214,252,54838,45809
CAMP_0497,Lifestyle,Lifestyle,YouTube,Influencer Reel Collaboration,13628.82,12931.99,34768.01,1.6885,1077,204458,175380
CAMP_0498,Travel,Travel,Instagram,Influencer Reel Collaboration,2594.11,2647.54,9839.92,2.7166,305,68949,61668
CAMP_0499,Travel,Travel,Instagram,Influencer Reel Collaboration,3285.32,3285.58,10676.73,2.2496,368,85553,114961
CAMP_0500,Tech,Tech,TikTok,Influencer Sponsored Post,530.87,512.44,2133.29,3.163,50,7484,9098
CAMP_0501,Fitness,Fitness,Instagram,Influencer Story Campaign,69297.68,69367.93,107070.7,0.5435,2829,8519054,10902271
CAMP_0502,Fashion,Fashion,Instagram,Influencer Sponsored Post,8645.72,8995.65,30167.07,2.3535,414,761168,1045916
CAMP_0503,Fitness,Fitness,Instagram,Influencer Sponsored Post,2884.76,2732.36,9467.1,2.4648,176,55499,54447
CAMP_0504,Food,Food,TikTok,Influencer Story Campaign,15023.91,14960.67,42161.24,1.8181,685,504900,419287
CAMP_0505,Fashion,Fashion,Instagram,Influencer Brand Ambassador,757.22,701.87,2840.61,3.0472,61,5944,5884
CAMP_0506,Lifestyle,Lifestyle,Instagram,Influencer Sponsored Post,893.93,849.28,3186.41,2.7519,69,7832,11619
CAMP_0507,Fitness,Fitness,Instagram,Influencer Reel Collaboration,12973.41,12270.95,44600.68,2.6347,694,305472,252877
CAMP_0508,Travel,Travel,Instagram,Influencer Brand Ambassador,3977.56,3838.67,12131.89,2.1604,273,14408,17832
CAMP_0509,Fashion,Fashion,TikTok,Influencer Brand Ambassador,14386.89,13960.06,60742.1,3.3511,789,1031359,1510303
CAMP_0510,Fashion,Fashion,Instagram,Influencer Brand Ambassador,14853.98,15075.09,44917.51,1.9796,837,202059,257543
CAMP_0511,Lifestyle,Lifestyle,Instagram,Influencer Reel Collaboration,322.2,334.53,1181.29,2.5312,32,6618,5936
CAMP_0512,Travel,Travel,Instagram,Influencer Story Campaign,3820.55,3966.66,14970.9,2.7742,307,80656,115846
CAMP_0513,Fashion,Fashion,TikTok,Influencer Story Campaign,3229.36,3020.71,9842.74,2.2584,151,106298,141993
CAMP_0514,Food,Food,YouTube,Influencer Brand Ambassador,4735.07,4930.73,21516.38,3.3637,537,95472,128445
CAMP_0515,Fitness,Fitness,Instagram,Influencer Story Campaign,988.76,943.96,3702.61,2.9224,98,11608,14871
CAMP_0516,Tech,Tech,Instagram,Influencer Reel Collaboration,876.91,887.93,3877.29,3.3667,85,9180,12819
CAMP_0517,Food,Food,YouTube,Influencer Story Campaign,381.02,388.41,1668.34,3.2953,34,8194,10813
CAMP_0518,Fashion,Fashion,Instagram,Influencer Sponsored Post,963.76,995.3,4094.29,3.1136,78,8697,8935
CAMP_0519,Food,Food,Instagram,Influencer Reel Collaboration,1167.31,1199.02,4120.0,2.4361,53,108381,130095
CAMP_0520,Travel,Travel,TikTok,Influencer Sponsored Post,2806.44,2902.17,8234.52,1.8374,213,17559,20658
CAMP_0521,Lifestyle,Lifestyle,Instagram,Influencer Reel Collaboration,3522.59,3327.72,8425.2,1.5318,124,18461,18463
CAMP_0522,Fashion,Fashion,YouTube,Influencer Brand Ambassador,1218.19,1263.85,5038.41,2.9866,99,79760,99881
CAMP_0523,Fitness,Fitness,TikTok,Influencer Sponsored Post,668.36,626.65,2380.13,2.7982,68,10452,12680
CAMP_0524,Lifestyle,Lifestyle,Instagram,Influencer Reel Collaboration,459.26,465.41,1887.07,3.0546,59,4186,3683
CAMP_0525,Food,Food,Instagram,Influencer Sponsored Post,2536.35,2535.26,9697.78,2.8252,353,79065,72709
CAMP_0526,Tech,Tech,TikTok,Influencer Story Campaign,315.69,307.65,1532.16,3.9802,36,2340,3131
CAMP_0527,Food,Food,Instagram,Influencer Story Campaign,305.26,280.98,1108.98,2.9468,21,4823,5541
CAMP_0528,Fitness,Fitness,TikTok,Influencer Reel Collaboration,671.09,656.99,2726.38,3.1498,55,9294,11346
CAMP_0529,Fitness,Fitness,Instagram,Influencer Brand Ambassador,3230.19,2992.32,12420.42,3.1508,459,39215,54810
CAMP_0530,Lifestyle,Lifestyle,TikTok,Influencer Brand Ambassador,1350.81,1315.97,5166.02,2.9256,148,26272,33377
CAMP_0531,Travel,Travel,TikTok,Influencer Story Campaign,79946.78,83231.98,212357.59,1.5514,4690,7142962,7609094
CAMP_0532,Fitness,Fitness,YouTube,Influencer Sponsored Post,1538.18,1586.98,6299.71,2.9696,146,103045,112280
CAMP_0533,Fashion,Fashion,Instagram,Influencer Sponsored Post,783.78,774.97,3638.73,3.6953,62,11805,15957
CAMP_0534,Lifestyle,Lifestyle,Instagram,Influencer Reel Collaboration,2265.95,2254.1,8515.93,2.778,143,80864,117169
CAMP_0535,Travel,Travel,TikTok,Influencer Reel Collaboration,3527.43,3615.75,12741.43,2.5239,310,76553,71614
CAMP_0536,Fitness,Fitness,Instagram,Influencer Reel Collaboration,1471.7,1506.94,5336.58,2.5413,66,39175,42694
CAMP_0537,Tech,Tech,Instagram,Influencer Story Campaign,360.95,344.01,1667.16,3.8463,30,6114,8173
CAMP_0538,Fitness,Fitness,Instagram,Influencer Brand Ambassador,3275.69,3367.95,13193.02,2.9172,369,15816,21884
CAMP_0539,Lifestyle,Lifestyle,YouTube,Influencer Reel Collaboration,14684.78,13806.63,26598.6,0.9265,358,614884,690963
CAMP_0540,Food,Food,Instagram,Influencer Brand Ambassador,3712.79,3674.42,13744.77,2.7407,377,84768,108489
CAMP_0541,Tech,Tech,Instagram,Influencer Story Campaign,1124.69,1126.32,4866.97,3.3211,104,61183,74437
CAMP_0542,Tech,Tech,Instagram,Influencer Sponsored Post,1347.19,1304.49,4579.41,2.5105,64,43148,43658
CAMP_0543,Travel,Travel,Instagram,Influencer Story Campaign,827.96,860.03,3066.11,2.5651,59,4811,5532
CAMP_0544,Fashion,Fashion,Instagram,Influencer Reel Collaboration,12854.42,12373.07,37304.65,2.015,554,923205,802058
CAMP_0545,Travel,Travel,Instagram,Influencer Story Campaign,11890.53,12276.08,36828.15,2.0,1343,858344,1196262
CAMP_0546,Fitness,Fitness,Instagram,Influencer Reel Collaboration,6546.54,6583.65,21912.91,2.3284,519,913398,1099997
CAMP_0547,Tech,Tech,Instagram,Influencer Brand Ambassador,429.25,412.72,1770.6,3.2901,53,10220,10133
CAMP_0548,Fitness,Fitness,TikTok,Influencer Sponsored Post,480.25,458.75,1973.27,3.3014,25,6718,9155
CAMP_0549,Travel,Travel,Instagram,Influencer Story Campaign,690.61,683.89,2573.93,2.7637,34,7049,5888
CAMP_0550,Food,Food,Instagram,Influencer Sponsored Post,1715.93,1777.47,6317.49,2.5542,105,90134,115649
CAMP_0551,Food,Food,TikTok,Influencer Brand Ambassador,4269.77,4349.15,15597.18,2.5863,205,105441,140774
CAMP_0552,Travel,Travel,Instagram,Influencer Sponsored Post,18795.34,17529.36,44532.86,1.5405,1058,601022,751934
CAMP_0553,Food,Food,YouTube,Influencer Story Campaign,31497.73,30034.56,65406.09,1.1777,866,11450570,11808166
CAMP_0554,Tech,Tech,YouTube,Influencer Reel Collaboration,580.27,569.96,2688.32,3.7167,37,7258,7240
CAMP_0555,Tech,Tech,TikTok,Influencer Story Campaign,2622.74,2684.58,9935.7,2.701,144,105621,123885
CAMP_0556,Food,Food,TikTok,Influencer Reel Collaboration,394.95,413.36,1867.94,3.5189,40,4105,4263
CAMP_0557,Lifestyle,Lifestyle,TikTok,Influencer Reel Collaboration,11530.31,11120.82,30077.38,1.7046,486,935571,1232668
CAMP_0558,Lifestyle,Lifestyle,TikTok,Influencer Reel Collaboration,676.86,671.55,2376.94,2.5395,33,6830,6306
CAMP_0559,Food,Food,Instagram,Influencer Sponsored Post,13946.08,13517.36,30133.96,1.2293,1005,969691,1330341
CAMP_0560,Travel,Travel,Instagram,Influencer Story Campaign,11794.62,11449.01,31298.08,1.7337,551,415663,389462
CAMP_0561,Lifestyle,Lifestyle,Instagram,Influencer Brand Ambassador,4652.82,4836.17,19634.3,3.0599,260,51917,77522
CAMP_0562,Travel,Travel,Instagram,Influencer Reel Collaboration,17787.58,17218.36,41886.37,1.4327,758,175442,146878
CAMP_0563,Lifestyle,Lifestyle,TikTok,Influencer Brand Ambassador,425.77,404.73,1484.05,2.6668,34,2010,2146
CAMP_0564,Food,Food,YouTube,Influencer Story Campaign,12123.07,12028.57,29584.97,1.4596,414,307370,323415
CAMP_0565,Food,Food,Instagram,Influencer Brand Ambassador,73605.29,67827.89,150269.69,1.2155,2039,3352801,4226368
CAMP_0566,Fashion,Fashion,Instagram,Influencer Story Campaign,2663.42,2759.74,9489.34,2.4385,150,71772,104156
CAMP_0567,Travel,Travel,Instagram,Influencer Reel Collaboration,3208.2,3112.0,10430.97,2.3519,410,70988,81544
CAMP_0568,Lifestyle,Lifestyle,Instagram,Influencer Brand Ambassador,3184.67,2943.75,11385.71,2.8678,420,60099,68409
CAMP_0569,Tech,Tech,Instagram,Influencer Reel Collaboration,26405.05,27668.94,94147.62,2.4026,1861,9931661,8489228
CAMP_0570,Travel,Travel,Instagram,Influencer Story Campaign,3966.74,3689.67,11806.65,2.1999,197,99650,135391
CAMP_0571,Tech,Tech,TikTok,Influencer Sponsored Post,62802.66,61606.45,130612.14,1.1201,1998,1280915,1402232
CAMP_0572,Tech,Tech,Instagram,Influencer Story Campaign,938.29,951.9,4245.23,3.4597,75,6481,5463
CAMP_0573,Food,Food,TikTok,Influencer Story Campaign,3625.28,3716.48,12105.52,2.2573,409,50240,57972
CAMP_0574,Tech,Tech,Instagram,Influencer Story Campaign,2100.87,1936.68,7242.21,2.7395,232,45679,42126
CAMP_0575,Travel,Travel,Instagram,Influencer Reel Collaboration,1701.6,1617.72,5681.5,2.512,211,103851,154618
CAMP_0576,Fashion,Fashion,TikTok,Influencer Story Campaign,16291.42,16619.66,57831.37,2.4797,1518,543007,601722
CAMP_0577,Lifestyle,Lifestyle,Instagram,Influencer Story Campaign,4367.33,4382.59,14934.54,2.4077,436,19120,20632
CAMP_0578,Tech,Tech,YouTube,Influencer Story Campaign,3822.43,3647.14,13774.06,2.7767,254,74205,81945
CAMP_0579,Tech,Tech,YouTube,Influencer Reel Collaboration,19426.44,20286.32,75130.68,2.7035,1689,826047,1149004
CAMP_0580,Travel,Travel,Instagram,Influencer Brand Ambassador,4209.27,4230.59,15222.33,2.5982,327,45468,60981
CAMP_0581,Lifestyle,Lifestyle,Instagram,Influencer Story Campaign,3710.87,3565.13,12330.31,2.4586,429,35582,38708
CAMP_0582,Travel,Travel,Instagram,Influencer Reel Collaboration,3901.0,3686.84,12107.21,2.2839,460,45016,38909
CAMP_0583,Travel,Travel,Instagram,Influencer Sponsored Post,6799.66,6790.2,14708.47,1.1661,242,1008043,1373196
CAMP_0584,Fashion,Fashion,Instagram,Influencer Story Campaign,2867.82,2876.54,12016.33,3.1774,158,21924,21780
CAMP_0585,Food,Food,Instagram,Influencer Brand Ambassador,259.2,251.36,970.6,2.8614,12,2522,2484
CAMP_0586,Food,Food,Instagram,Influencer Reel Collaboration,36053.53,34005.6,85098.98,1.5025,1634,7687312,6924045
CAMP_0587,Food,Food,Instagram,Influencer Sponsored Post,77232.03,71403.48,215696.63,2.0208,3183,2832870,2303506
CAMP_0588,Food,Food,Instagram,Influencer Sponsored Post,73168.47,68757.07,183971.95,1.6757,4264,5570062,5981863
CAMP_0589,Fitness,Fitness,TikTok,Influencer Reel Collaboration,2615.65,2671.94,10376.93,2.8837,412,107389,157637
CAMP_0590,Food,Food,Instagram,Influencer Brand Ambassador,2211.31,2216.16,6588.43,1.9729,84,19234,16607
CAMP_0591,Travel,Travel,Instagram,Influencer Sponsored Post,16406.8,16475.92,45584.2,1.7667,988,414043,386592
CAMP_0592,Lifestyle,Lifestyle,YouTube,Influencer Sponsored Post,2437.04,2522.53,8864.59,2.5142,180,23123,21565
CAMP_0593,Fitness,Fitness,Instagram,Influencer Sponsored Post,13894.18,13484.85,43710.61,2.2415,832,622997,919211
CAMP_0594,Food,Food,Instagram,Influencer Sponsored Post,2350.87,2175.89,6303.39,1.8969,200,106504,145375
CAMP_0595,Lifestyle,Lifestyle,TikTok,Influencer Reel Collaboration,89616.0,84182.04,117927.32,0.4009,4363,10102006,9082848
CAMP_0596,Lifestyle,Lifestyle,Instagram,Influencer Reel Collaboration,69469.77,70245.65,127179.52,0.8105,3952,5171537,4760784
CAMP_0597,Fitness,Fitness,Instagram,Influencer Sponsored Post,1682.76,1562.13,6016.0,2.8512,104,89469,110130
CAMP_0598,Fitness,Fitness,Instagram,Influencer Reel Collaboration,4343.58,4379.16,15581.16,2.558,363,108721,161243
CAMP_0599,Travel,Travel,TikTok,Influencer Story Campaign,4858.77,4952.79,14565.01,1.9408,460,39948,35907
CAMP_0600,Food,Food,Instagram,Influencer Brand Ambassador,2754.64,2548.84,8399.39,2.2954,275,88282,122990
